SYMBOL,SERIES,DATE,PREV_CLOSE,OPEN_PRICE,HIGH_PRICE,LOW_PRICE,LAST_PRICE,CLOSE_PRICE,AVG_PRICE,TTL_TRD_QNTY,NO_OF_TRADES,DELIV_QTY,DELIV_PER
3MINDIA, EQ, 02-Dec-2022,23386.95,23210.25,23383.85,23000.0, 23135.00,23149.35,23169.26,2258,853, 1486, 65.81
AARTIDRUGS, EQ, 02-Dec-2022,449.05,449.0,451.9,444.0, 448.00,446.05,447.73,44748,2961, 25932, 57.95
AARTIIND, EQ, 02-Dec-2022,674.6,678.0,678.0,670.4, 674.40,673.9,672.98,678099,23691, 397774, 58.66
AAVAS, EQ, 02-Dec-2022,1900.05,1925.0,1925.0,1887.15, 1917.00,1914.35,1908.01,82647,9744, 43770, 52.96
ABB, EQ, 02-Dec-2022,2993.85,2995.35,3009.0,2922.2, 2976.20,2978.1,2958.21,440688,37453, 239828, 54.42
ABCAPITAL, EQ, 02-Dec-2022,145.7,145.25,153.3,145.0, 151.35,151.7,150.51,16353750,86221, 5397459, 33.00
ABFRL, EQ, 02-Dec-2022,316.0,315.5,319.0,312.5, 316.45,317.2,315.69,1152714,12488, 286359, 24.84
ACC, EQ, 02-Dec-2022,2577.35,2589.0,2625.65,2555.0, 2610.00,2609.3,2595.65,816152,48342, 293033, 35.90
ACCELYA, EQ, 02-Dec-2022,1655.75,1658.0,1740.2,1621.1, 1710.00,1707.3,1696.01,117432,10328, 45189, 38.48
ACE, EQ, 02-Dec-2022,333.55,333.6,336.65,330.0, 331.70,331.25,333.2,262379,6058, 106174, 40.47
ADANIENT, EQ, 02-Dec-2022,3915.1,3905.0,3963.8,3885.0, 3915.00,3922.5,3922.77,1297832,53440, 304867, 23.49
ADANIPORTS, EQ, 02-Dec-2022,890.55,894.0,903.6,884.25, 886.10,888.2,894.02,6279538,77944, 1807411, 28.78
ADFFOODS, EQ, 02-Dec-2022,836.6,824.95,833.2,811.05, 815.00,816.5,822.93,11985,1355, 5639, 47.05
ADVENZYMES, EQ, 02-Dec-2022,280.8,280.45,286.7,279.15, 283.35,283.6,283.08,55543,3097, 26747, 48.16
AEGISCHEM, EQ, 02-Dec-2022,326.45,326.0,331.35,325.0, 330.70,330.55,329.43,362482,13969, 174267, 48.08
AHLUCONT, EQ, 02-Dec-2022,430.75,437.7,438.0,429.9, 435.00,433.95,433.55,8389,465, 4267, 50.86
AIAENG, EQ, 02-Dec-2022,2733.2,2739.95,2777.95,2714.35, 2774.95,2761.85,2753.68,91063,9546, 74346, 81.64
AJANTPHARM, EQ, 02-Dec-2022,1239.5,1240.0,1260.1,1240.0, 1252.95,1252.8,1248.33,115144,11809, 94720, 82.26
AKZOINDIA, EQ, 02-Dec-2022,2297.8,2326.0,2327.0,2280.0, 2287.00,2296.6,2306.52,11563,2473, 7901, 68.33
ALEMBICLTD, EQ, 02-Dec-2022,74.8,74.8,77.55,74.7, 76.20,76.15,76.39,403759,4828, 217067, 53.76
ALKEM, EQ, 02-Dec-2022,3130.1,3140.0,3156.65,3045.55, 3132.00,3114.45,3127.3,24908,4242, 10489, 42.11
ALKYLAMINE, EQ, 02-Dec-2022,2829.25,2829.25,2847.85,2823.05, 2830.00,2829.05,2833.83,13728,3525, 6523, 47.52
ALLCARGO, EQ, 02-Dec-2022,443.7,444.7,444.9,437.9, 439.00,440.15,440.49,510897,9166, 302502, 59.21
AMARAJABAT, EQ, 02-Dec-2022,645.75,646.0,658.2,645.05, 651.05,653.1,653.56,1236467,29983, 333349, 26.96
AMBER, EQ, 02-Dec-2022,1940.9,1950.65,2092.0,1943.05, 2010.00,2011.75,2038.01,546572,34601, 221800, 40.58
AMBUJACEM, EQ, 02-Dec-2022,580.95,582.55,584.15,573.4, 577.30,577.95,577.95,7097523,60543, 3364976, 47.41
AMRUTANJAN, EQ, 02-Dec-2022,709.4,706.0,716.5,705.0, 714.00,712.35,712.14,16368,2137, 10551, 64.46
ANURAS, EQ, 02-Dec-2022,715.6,716.0,722.7,715.75, 719.75,719.6,719.97,25641,2232, 13544, 52.82
APARINDS, EQ, 02-Dec-2022,1558.75,1560.0,1594.0,1532.65, 1570.00,1576.45,1564.71,107795,10810, 34987, 32.46
APLAPOLLO, EQ, 02-Dec-2022,1132.55,1137.0,1193.0,1132.55, 1187.00,1185.5,1172.1,1372671,36810, 862397, 62.83
APLLTD, EQ, 02-Dec-2022,594.6,597.6,601.2,595.0, 599.00,598.7,598.81,44097,3095, 21210, 48.10
APOLLOHOSP, EQ, 02-Dec-2022,4775.7,4771.0,4882.95,4743.05, 4864.90,4871.45,4833.04,996306,62846, 398307, 39.98
APOLLOPIPE, EQ, 02-Dec-2022,499.1,500.0,512.95,491.75, 510.00,510.55,505.68,88004,4627, 48879, 55.54
APOLLOTYRE, EQ, 02-Dec-2022,315.5,317.4,320.85,315.4, 318.25,319.2,318.32,3277532,34700, 1055502, 32.20
ARVIND, EQ, 02-Dec-2022,95.5,95.5,100.0,95.5, 99.25,99.4,98.74,4040677,20502, 1589951, 39.35
ARVINDFASN, EQ, 02-Dec-2022,327.25,328.9,330.65,324.0, 325.00,325.2,327.38,198462,9392, 94980, 47.86
ASAHIINDIA, EQ, 02-Dec-2022,609.85,610.0,619.8,607.5, 617.00,613.1,613.85,74711,5803, 34682, 46.42
ASHIANA, EQ, 02-Dec-2022,145.3,148.5,150.4,145.0, 146.70,146.85,148.1,55214,1238, 30381, 55.02
ASHOKA, EQ, 02-Dec-2022,81.15,81.2,83.0,80.3, 81.50,81.45,81.91,1863026,11250, 715886, 38.43
ASHOKLEY, EQ, 02-Dec-2022,148.7,149.0,149.3,145.1, 146.15,146.05,146.07,13905579,73447, 5577510, 40.11
ASIANPAINT, EQ, 02-Dec-2022,3179.35,3173.15,3174.3,3134.0, 3143.00,3143.45,3142.9,932259,64413, 580923, 62.31
ASTEC, EQ, 02-Dec-2022,1987.55,1987.0,2004.95,1959.9, 1998.95,1990.45,1980.33,11098,2193, 5974, 53.83
ASTERDM, EQ, 02-Dec-2022,232.2,232.4,236.0,232.0, 233.45,233.5,234.33,213162,5980, 94988, 44.56
ASTRAL, EQ, 02-Dec-2022,1924.2,1937.0,2025.0,1930.0, 2017.90,2018.35,1988.34,1642884,94868, 414791, 25.25
ASTRAZEN, EQ, 02-Dec-2022,3329.75,3335.8,3335.8,3251.0, 3299.00,3277.65,3292.25,7368,1909, 3197, 43.39
ATFL, EQ, 02-Dec-2022,815.7,819.35,832.05,801.3, 802.00,808.85,816.59,10774,744, 8831, 81.97
ATUL, EQ, 02-Dec-2022,8664.45,8650.0,8927.0,8573.05, 8900.00,8887.35,8790.22,51728,10607, 21046, 40.69
AUBANK, EQ, 02-Dec-2022,639.2,637.9,649.95,630.2, 648.00,648.35,638.3,2011522,28652, 1348346, 67.03
AUROPHARMA, EQ, 02-Dec-2022,468.9,469.0,470.9,462.55, 470.90,470.0,467.52,1440782,23009, 593764, 41.21
AUTOAXLES, EQ, 02-Dec-2022,2001.0,2009.0,2070.0,1995.25, 2017.00,2010.65,2043.82,40511,5304, 10047, 24.80
AVANTIFEED, EQ, 02-Dec-2022,388.1,390.05,401.0,386.0, 397.35,397.2,395.9,850581,25167, 412304, 48.47
AXISBANK, EQ, 02-Dec-2022,903.85,898.3,907.0,891.4, 905.05,905.15,898.37,7988851,169729, 5409106, 67.71
BAJAJ-AUTO, EQ, 02-Dec-2022,3707.6,3707.0,3712.35,3640.8, 3660.00,3659.35,3658.27,349992,32300, 151938, 43.41
BAJAJCON, EQ, 02-Dec-2022,165.65,166.3,171.3,165.1, 169.00,169.3,169.52,1212935,15706, 639256, 52.70
BAJAJELEC, EQ, 02-Dec-2022,1113.7,1114.0,1118.05,1105.25, 1109.95,1108.5,1111.92,29369,3251, 13617, 46.37
BAJAJFINSV, EQ, 02-Dec-2022,1638.8,1632.2,1653.0,1625.25, 1644.00,1642.65,1640.32,1682841,67949, 851383, 50.59
BAJAJHLDNG, EQ, 02-Dec-2022,6314.95,6324.75,6395.0,6288.05, 6346.80,6374.45,6347.08,93573,21799, 48357, 51.68
BAJFINANCE, EQ, 02-Dec-2022,6747.75,6730.2,6741.95,6647.0, 6672.00,6675.75,6677.14,1438602,124812, 896441, 62.31
BALAMINES, EQ, 02-Dec-2022,3054.95,3046.0,3046.0,2990.1, 3010.00,3000.05,3012.62,30961,6378, 16695, 53.92
BALKRISIND, EQ, 02-Dec-2022,2063.8,2060.1,2080.0,2040.0, 2063.70,2060.9,2057.88,235809,15538, 85671, 36.33
BALMLAWRIE, EQ, 02-Dec-2022,124.1,124.15,124.6,121.7, 122.90,122.45,122.89,282441,4010, 126714, 44.86
BALRAMCHIN, EQ, 02-Dec-2022,380.25,375.65,390.55,375.65, 386.75,386.75,385.67,2457844,30139, 768536, 31.27
BANARISUG, EQ, 02-Dec-2022,3038.8,3038.8,3095.0,3032.05, 3094.50,3084.05,3064.37,812,240, 564, 69.46
BANDHANBNK, EQ, 02-Dec-2022,235.5,236.85,243.0,236.05, 240.10,240.1,240.09,17741673,103853, 5628708, 31.73
BANKBARODA, EQ, 02-Dec-2022,171.75,171.8,174.25,170.6, 171.50,171.2,172.5,24459293,159670, 8769341, 35.85
BANKINDIA, EQ, 02-Dec-2022,83.1,82.5,85.7,82.5, 84.80,84.55,84.27,19118072,48147, 8428030, 44.08
BASF, EQ, 02-Dec-2022,2666.45,2671.0,2701.45,2639.95, 2669.00,2664.0,2665.82,9004,2039, 5124, 56.91
BATAINDIA, EQ, 02-Dec-2022,1719.35,1714.05,1737.95,1710.15, 1733.95,1735.25,1727.68,339069,15275, 183715, 54.18
BBTC, EQ, 02-Dec-2022,1003.3,1007.7,1012.7,992.0, 1005.00,1005.05,1001.42,99016,5033, 33113, 33.44
BDL, EQ, 02-Dec-2022,964.5,965.0,989.35,958.65, 963.00,966.3,976.74,1195931,33984, 303146, 25.35
BECTORFOOD, EQ, 02-Dec-2022,434.4,430.5,438.95,430.5, 431.70,431.6,433.99,163454,9533, 91986, 56.28
BEL, EQ, 02-Dec-2022,104.15,104.55,106.45,104.3, 106.00,106.15,105.77,13020973,61383, 6180045, 47.46
BEML, EQ, 02-Dec-2022,1473.6,1475.0,1486.45,1450.0, 1462.00,1462.75,1472.41,45951,3998, 22962, 49.97
BEPL, EQ, 02-Dec-2022,116.1,116.85,118.4,116.0, 116.40,116.25,116.96,328972,4407, 142514, 43.32
BERGEPAINT, EQ, 02-Dec-2022,620.45,620.4,620.4,614.0, 616.20,616.4,616.18,550726,19948, 362991, 65.91
BHARATFORG, EQ, 02-Dec-2022,848.75,848.75,856.9,839.0, 854.40,854.95,848.25,974544,41312, 465486, 47.76
BHARATRAS, EQ, 02-Dec-2022,10082.95,10179.0,10179.0,10060.05, 10150.00,10121.5,10111.73,790,402, 496, 62.78
BHARTIARTL, EQ, 02-Dec-2022,848.6,851.4,851.95,839.1, 848.90,848.65,844.74,3505272,127894, 2256580, 64.38
BHEL, EQ, 02-Dec-2022,84.65,85.15,91.25,84.8, 90.75,90.55,89.29,151605821,227395, 34380646, 22.68
BIOCON, EQ, 02-Dec-2022,285.55,285.5,285.55,282.0, 283.20,283.55,283.14,987241,17910, 407984, 41.33
BIRLACORPN, EQ, 02-Dec-2022,977.8,982.9,998.0,971.0, 976.00,979.8,985.41,202328,13010, 72864, 36.01
BLUEDART, EQ, 02-Dec-2022,7546.55,7550.0,7670.0,7541.1, 7647.25,7645.85,7626.44,17621,5497, 9666, 54.86
BLUESTARCO, EQ, 02-Dec-2022,1225.25,1225.25,1237.0,1219.85, 1232.70,1230.6,1231.7,31192,4052, 20692, 66.34
BOMDYEING, EQ, 02-Dec-2022,82.45,82.7,86.45,82.5, 85.30,85.3,85.01,5377676,22489, 1615057, 30.03
BOSCHLTD, EQ, 02-Dec-2022,17038.4,17098.0,17240.0,16993.55, 17115.30,17143.3,17154.08,29867,6865, 17120, 57.32
BPCL, EQ, 02-Dec-2022,338.6,339.5,343.35,338.3, 340.95,341.1,340.49,2797809,48371, 1132608, 40.48
BRIGADE, EQ, 02-Dec-2022,501.6,503.0,503.0,491.45, 495.50,494.3,495.45,264618,7676, 157063, 59.35
BRITANNIA, EQ, 02-Dec-2022,4401.25,4400.0,4444.05,4380.3, 4415.00,4432.9,4411.07,530333,46162, 381275, 71.89
BSE, EQ, 02-Dec-2022,577.8,577.75,577.75,570.2, 573.00,572.6,573.16,432317,15392, 234904, 54.34
BSOFT, EQ, 02-Dec-2022,323.8,325.4,333.0,321.75, 331.10,331.55,328.42,5883877,57555, 1239131, 21.06
CAMLINFINE, EQ, 02-Dec-2022,157.65,156.7,159.7,155.25, 156.90,156.75,156.91,361690,5542, 166509, 46.04
CANBK, EQ, 02-Dec-2022,320.9,320.55,324.0,317.9, 318.55,319.15,320.52,5350091,34654, 1059454, 19.80
CANFINHOME, EQ, 02-Dec-2022,548.85,549.95,553.5,547.65, 551.40,551.8,551.36,406138,9507, 160417, 39.50
CAPACITE, EQ, 02-Dec-2022,140.15,140.0,145.4,139.25, 144.00,144.4,142.41,112015,3120, 43171, 38.54
CAPLIPOINT, EQ, 02-Dec-2022,755.25,759.2,766.35,749.1, 763.00,761.05,757.23,27874,2215, 16710, 59.95
CARBORUNIV, EQ, 02-Dec-2022,838.65,838.1,869.4,834.55, 860.00,861.65,852.58,50729,3823, 25798, 50.85
CARERATING, EQ, 02-Dec-2022,558.55,558.55,580.0,556.7, 573.55,572.1,571.63,164715,7163, 92536, 56.18
CASTROLIND, EQ, 02-Dec-2022,130.2,131.4,131.4,129.2, 129.80,129.6,130.14,439033,7090, 252232, 57.45
CCL, EQ, 02-Dec-2022,530.3,540.0,540.0,525.65, 532.00,529.8,531.41,186598,10182, 61644, 33.04
CDSL, EQ, 02-Dec-2022,1243.45,1244.8,1244.8,1232.2, 1237.00,1236.85,1237.57,202525,12781, 94937, 46.88
CEATLTD, EQ, 02-Dec-2022,1856.45,1859.95,1981.0,1838.05, 1929.00,1937.55,1940.98,733428,32858, 90592, 12.35
CENTRALBK, EQ, 02-Dec-2022,25.35,25.45,26.1,25.1, 25.50,25.5,25.63,15391683,16303, 4548815, 29.55
CENTRUM, EQ, 02-Dec-2022,26.65,26.95,27.45,26.2, 27.10,27.15,27.0,652934,2369, 419114, 64.19
CENTURYPLY, EQ, 02-Dec-2022,556.1,560.0,565.95,553.05, 560.00,563.75,561.18,110366,6262, 51454, 46.62
CENTURYTEX, EQ, 02-Dec-2022,802.35,795.25,824.65,793.1, 811.00,810.7,811.87,383463,16451, 82631, 21.55
CERA, EQ, 02-Dec-2022,5327.1,5336.95,5389.0,5320.0, 5364.00,5368.95,5341.81,56780,2288, 52234, 91.99
CESC, EQ, 02-Dec-2022,74.9,74.95,75.75,74.55, 75.45,75.55,75.16,1494551,8820, 891624, 59.66
CGCL, EQ, 02-Dec-2022,747.05,745.95,757.0,745.6, 748.05,751.5,751.62,90448,2778, 11011, 12.17
CHALET, EQ, 02-Dec-2022,368.3,368.0,374.4,365.4, 368.45,368.05,369.49,50415,2993, 22001, 43.64
CHAMBLFERT, EQ, 02-Dec-2022,303.45,302.05,304.7,300.6, 302.35,302.05,302.42,1312147,18366, 714712, 54.47
CHEMCON, EQ, 02-Dec-2022,299.6,303.0,313.5,299.9, 304.00,304.65,307.23,292346,10579, 101903, 34.86
CHENNPETRO, EQ, 02-Dec-2022,212.7,220.0,222.65,214.6, 216.45,216.5,217.4,1108058,13545, 344689, 31.11
CHOLAFIN, EQ, 02-Dec-2022,728.9,729.0,733.85,724.5, 730.35,731.65,729.35,1114418,49642, 402996, 36.16
CHOLAHLDNG, EQ, 02-Dec-2022,598.4,601.0,608.4,591.6, 608.00,606.75,599.27,90383,4757, 74154, 82.04
CIPLA, EQ, 02-Dec-2022,1124.9,1124.9,1124.9,1099.0, 1120.00,1114.35,1109.19,2586376,79826, 1385755, 53.58
COALINDIA, EQ, 02-Dec-2022,226.1,226.1,228.0,225.3, 226.70,226.6,226.54,6325649,52161, 3294569, 52.08
COCHINSHIP, EQ, 02-Dec-2022,670.0,670.0,673.0,655.2, 661.00,660.3,663.0,972985,24828, 211915, 21.78
COFORGE, EQ, 02-Dec-2022,4116.85,4137.0,4253.0,4120.1, 4250.00,4237.5,4204.2,520606,49035, 117036, 22.48
COLPAL, EQ, 02-Dec-2022,1608.45,1610.0,1635.0,1608.5, 1618.95,1617.9,1621.22,854450,22310, 687152, 80.42
CONCOR, EQ, 02-Dec-2022,769.85,773.45,784.0,768.2, 781.55,781.25,779.01,1217194,31923, 547936, 45.02
CONFIPET, EQ, 02-Dec-2022,77.6,77.6,79.5,77.2, 78.25,78.7,78.23,1046474,6382, 552970, 52.84
COROMANDEL, EQ, 02-Dec-2022,918.5,918.45,921.6,911.0, 913.10,914.0,916.33,365533,15221, 244793, 66.97
CRAFTSMAN, EQ, 02-Dec-2022,3173.9,3160.0,3235.0,3155.0, 3184.90,3182.15,3202.33,24885,7497, 11633, 46.75
CREDITACC, EQ, 02-Dec-2022,948.25,954.7,954.7,940.35, 944.60,947.8,946.82,57307,7073, 39482, 68.90
CRISIL, EQ, 02-Dec-2022,2915.0,2930.0,2955.0,2915.05, 2926.00,2927.75,2927.89,100138,4795, 88031, 87.91
CROMPTON, EQ, 02-Dec-2022,370.8,371.05,372.2,366.3, 370.00,368.25,368.46,690130,36854, 401178, 58.13
CSBBANK, EQ, 02-Dec-2022,219.85,219.85,223.05,219.0, 219.15,219.25,220.58,149310,2628, 71539, 47.91
CUB, EQ, 02-Dec-2022,189.45,190.5,193.0,189.95, 192.25,191.65,191.78,3569588,18860, 2048659, 57.39
CUMMINSIND, EQ, 02-Dec-2022,1437.85,1426.7,1444.5,1426.7, 1441.05,1442.1,1438.55,418013,29658, 197000, 47.13
CYIENT, EQ, 02-Dec-2022,862.1,862.1,872.7,840.0, 844.00,844.3,852.25,231157,18249, 131830, 57.03
DAAWAT, EQ, 02-Dec-2022,114.15,114.7,116.0,113.65, 115.70,115.75,115.22,890018,7815, 321778, 36.15
DABUR, EQ, 02-Dec-2022,586.8,584.9,592.95,576.5, 589.05,591.15,586.09,3556471,83169, 2312582, 65.02
DALBHARAT, EQ, 02-Dec-2022,1901.2,1898.0,1942.0,1892.0, 1936.90,1936.7,1923.92,371680,18667, 125726, 33.83
DALMIASUG, EQ, 02-Dec-2022,354.4,351.0,374.8,351.0, 367.25,366.9,366.02,347045,9130, 111870, 32.24
DBCORP, EQ, 02-Dec-2022,117.45,117.0,118.65,116.0, 117.10,117.25,117.34,213640,1964, 148794, 69.65
DBL, EQ, 02-Dec-2022,232.5,231.15,239.5,231.15, 237.50,238.1,237.04,310090,6033, 127979, 41.27
DCAL, EQ, 02-Dec-2022,98.85,98.6,99.85,97.4, 98.00,97.85,98.37,392004,5859, 247421, 63.12
DCBBANK, EQ, 02-Dec-2022,136.85,136.7,137.3,135.0, 136.85,136.5,136.14,1574294,13373, 702624, 44.63
DCMSHRIRAM, EQ, 02-Dec-2022,883.15,888.0,892.65,883.5, 888.00,888.65,888.09,40666,2399, 16682, 41.02
DEEPAKNTR, EQ, 02-Dec-2022,2165.6,2170.0,2217.85,2153.65, 2210.10,2211.5,2196.94,452506,23272, 138737, 30.66
DELTACORP, EQ, 02-Dec-2022,227.7,228.0,231.9,227.6, 229.00,228.4,229.22,3063294,27025, 1069273, 34.91
DEN, EQ, 02-Dec-2022,36.8,37.0,37.4,36.25, 36.95,37.0,36.9,1670838,4195, 533868, 31.95
DFMFOODS, EQ, 02-Dec-2022,401.25,402.0,405.6,396.1, 404.00,402.75,401.19,106330,3102, 71110, 66.88
DHAMPURSUG, EQ, 02-Dec-2022,229.9,227.85,239.0,227.75, 233.50,234.6,234.79,916166,14220, 320824, 35.02
DHANI, EQ, 02-Dec-2022,46.95,47.1,48.75,46.7, 47.00,46.95,47.28,1944615,8880, 1066160, 54.83
DHANUKA, EQ, 02-Dec-2022,712.6,712.6,716.15,702.0, 708.90,705.3,708.42,8395,909, 5311, 63.26
DIAMONDYD, EQ, 02-Dec-2022,953.8,954.15,963.95,936.05, 940.00,942.8,948.5,7952,1003, 5028, 63.23
DISHTV, EQ, 02-Dec-2022,20.8,20.85,24.4,20.5, 22.40,22.2,22.88,86492159,61285, 42803880, 49.49
DIVISLAB, EQ, 02-Dec-2022,3409.05,3395.0,3395.0,3332.0, 3383.90,3381.25,3358.29,475542,33494, 158537, 33.34
DIXON, EQ, 02-Dec-2022,4385.35,4389.0,4414.9,4360.0, 4374.00,4375.15,4382.38,112103,13606, 43066, 38.42
DLF, EQ, 02-Dec-2022,412.7,414.8,416.25,409.85, 410.60,410.75,413.33,6745441,87918, 1971911, 29.23
DMART, EQ, 02-Dec-2022,4044.15,4049.0,4055.0,3992.55, 4006.00,4005.75,4019.82,222148,32843, 126750, 57.06
DOLLAR, EQ, 02-Dec-2022,424.65,426.7,433.2,424.5, 429.10,428.65,429.02,85035,3582, 47246, 55.56
DRREDDY, EQ, 02-Dec-2022,4474.35,4484.95,4524.0,4460.15, 4521.00,4510.4,4491.26,416008,45702, 290818, 69.91
EASEMYTRIP, EQ, 02-Dec-2022,66.65,66.0,66.7,64.0, 64.20,64.3,65.11,10647168,50849, 4291942, 40.31
EDELWEISS, EQ, 02-Dec-2022,66.45,66.4,67.75,66.1, 66.95,67.0,66.98,1216819,6760, 469177, 38.56
EICHERMOT, EQ, 02-Dec-2022,3437.45,3435.0,3435.0,3325.0, 3331.00,3331.85,3346.94,1453049,108008, 618298, 42.55
EIDPARRY, EQ, 02-Dec-2022,596.95,594.0,606.25,591.1, 600.50,603.95,599.53,222836,11662, 112091, 50.30
EIHOTEL, EQ, 02-Dec-2022,175.95,175.0,177.0,174.45, 176.50,175.95,175.55,376676,5242, 174629, 46.36
ELGIEQUIP, EQ, 02-Dec-2022,486.25,483.1,491.0,483.0, 486.50,488.85,487.31,99556,4920, 51060, 51.29
EMAMILTD, EQ, 02-Dec-2022,463.55,465.0,468.7,458.5, 459.50,459.5,461.46,188375,11083, 107536, 57.09
ENDURANCE, EQ, 02-Dec-2022,1517.1,1515.0,1529.55,1499.05, 1503.75,1504.85,1511.53,23197,4094, 12471, 53.76
ENGINERSIN, EQ, 02-Dec-2022,82.0,82.35,84.35,81.3, 82.10,82.4,83.02,4297061,15640, 1665159, 38.75
EPL, EQ, 02-Dec-2022,160.4,161.0,161.55,159.0, 160.00,159.95,160.02,188735,7831, 139114, 73.71
EQUITAS, EQ, 02-Dec-2022,121.1,119.0,121.0,118.0, 119.40,118.9,119.75,904317,18645, 505418, 55.89
EQUITASBNK, EQ, 02-Dec-2022,56.25,56.1,57.45,55.5, 56.80,56.65,56.63,1294276,5258, 655646, 50.66
ERIS, EQ, 02-Dec-2022,669.95,676.65,676.85,662.1, 665.00,664.85,665.75,21420,2874, 14474, 67.57
ESABINDIA, EQ, 02-Dec-2022,3933.95,4020.0,4199.4,3981.3, 4170.00,4151.3,4128.12,42372,8407, 11114, 26.23
ESCORTS, EQ, 02-Dec-2022,2346.6,2345.0,2345.0,2299.0, 2314.50,2323.8,2321.21,231325,13814, 52663, 22.77
EVEREADY, EQ, 02-Dec-2022,350.5,352.0,352.0,344.2, 349.25,348.55,347.52,52154,2104, 28891, 55.40
EXIDEIND, EQ, 02-Dec-2022,188.25,187.35,191.5,187.3, 190.50,190.6,190.44,5571324,45153, 3035911, 54.49
FACT, EQ, 02-Dec-2022,145.2,145.05,152.0,144.0, 146.00,146.25,149.01,700738,8500, 185817, 26.52
FDC, EQ, 02-Dec-2022,286.9,286.9,288.0,280.0, 285.35,283.55,284.2,207942,5986, 123787, 59.53
FEDERALBNK, EQ, 02-Dec-2022,132.7,132.9,133.9,132.0, 133.40,133.25,133.1,6907375,43182, 3054647, 44.22
FILATEX, EQ, 02-Dec-2022,97.15,97.25,98.2,97.0, 97.75,97.65,97.68,139173,1897, 85856, 61.69
FINCABLES, EQ, 02-Dec-2022,574.55,574.9,574.9,561.95, 564.50,564.1,565.83,205663,7563, 127109, 61.80
FINEORG, EQ, 02-Dec-2022,6157.4,6180.0,6180.0,6091.85, 6102.00,6105.6,6110.06,61879,6495, 50928, 82.30
FINPIPE, EQ, 02-Dec-2022,158.0,158.75,163.8,157.35, 162.80,163.4,161.7,1409833,14561, 575840, 40.84
FMGOETZE, EQ, 02-Dec-2022,308.5,309.35,313.0,307.1, 307.55,308.8,309.79,218807,1448, 196184, 89.66
FORTIS, EQ, 02-Dec-2022,291.0,292.4,292.4,288.0, 288.90,288.7,289.57,403892,7842, 245288, 60.73
FSL, EQ, 02-Dec-2022,112.35,112.8,115.0,111.95, 113.30,113.55,113.76,3077397,17159, 964562, 31.34
GABRIEL, EQ, 02-Dec-2022,189.2,189.2,192.9,187.15, 189.50,189.3,189.22,483086,7547, 204731, 42.38
GAEL, EQ, 02-Dec-2022,238.65,239.85,241.95,237.6, 240.45,240.15,240.29,248575,5820, 97459, 39.21
GAIL, EQ, 02-Dec-2022,93.65,94.0,94.15,93.05, 93.25,93.2,93.38,9494016,31352, 6238063, 65.71
GALAXYSURF, EQ, 02-Dec-2022,2817.4,2825.9,2825.9,2732.2, 2770.00,2758.9,2763.49,31163,6040, 19394, 62.23
GANECOS, EQ, 02-Dec-2022,893.1,895.0,899.0,885.15, 890.00,890.3,892.04,38654,3116, 14874, 38.48
GARFIBRES, EQ, 02-Dec-2022,3434.4,3445.0,3456.1,3405.05, 3430.00,3428.95,3426.46,3264,1084, 1423, 43.60
GATI, EQ, 02-Dec-2022,163.65,162.1,164.0,161.5, 162.00,161.95,162.64,219134,4323, 134201, 61.24
GENUSPOWER, EQ, 02-Dec-2022,96.05,96.4,97.9,94.5, 94.95,94.85,95.95,578786,5289, 217894, 37.65
GEOJITFSL, EQ, 02-Dec-2022,48.1,48.4,48.4,47.5, 47.80,47.65,47.81,514969,5092, 284737, 55.29
GEPIL, EQ, 02-Dec-2022,153.5,153.4,169.9,152.0, 164.00,164.3,162.15,439667,5932, 169389, 38.53
GESHIP, EQ, 02-Dec-2022,679.1,679.1,697.0,671.25, 693.60,693.95,686.48,260429,12467, 104177, 40.00
GET&D, EQ, 02-Dec-2022,130.25,131.9,131.9,128.05, 129.60,129.95,129.98,138823,2149, 92204, 66.42
GHCL, EQ, 02-Dec-2022,575.35,564.0,577.8,562.25, 575.05,575.55,573.07,189821,8220, 93360, 49.18
GICRE, EQ, 02-Dec-2022,144.55,145.3,149.5,144.55, 148.70,148.65,147.75,778750,9091, 300327, 38.57
GILLETTE, EQ, 02-Dec-2022,5170.95,5173.0,5200.0,5148.0, 5200.00,5174.1,5184.94,3625,1304, 2501, 68.99
GLAND, EQ, 02-Dec-2022,1752.95,1753.0,1753.0,1717.75, 1725.00,1720.75,1728.51,418612,24821, 197455, 47.17
GLAXO, EQ, 02-Dec-2022,1319.2,1325.0,1338.8,1316.3, 1336.00,1336.15,1328.6,29390,3719, 19996, 68.04
GLENMARK, EQ, 02-Dec-2022,430.7,430.7,436.5,426.55, 434.00,434.95,432.47,527052,10053, 166164, 31.53
GMDCLTD, EQ, 02-Dec-2022,157.2,157.8,162.0,156.0, 161.15,161.05,159.82,2851392,20324, 1141294, 40.03
GMMPFAUDLR, EQ, 02-Dec-2022,1952.3,1959.9,1965.0,1938.05, 1938.05,1945.4,1952.23,55646,9606, 33410, 60.04
GMRINFRA, EQ, 02-Dec-2022,42.75,42.75,43.65,42.6, 42.75,42.9,43.03,14471407,51347, 4393743, 30.36
GNFC, EQ, 02-Dec-2022,594.1,595.6,599.9,590.1, 596.00,595.9,595.52,1184029,23376, 512965, 43.32
GODFRYPHLP, EQ, 02-Dec-2022,1817.65,1824.45,1833.1,1789.3, 1822.00,1819.75,1815.6,82394,11625, 39397, 47.82
GODREJAGRO, EQ, 02-Dec-2022,481.8,482.3,486.4,480.05, 485.15,484.7,484.11,45523,2748, 24159, 53.07
GODREJCP, EQ, 02-Dec-2022,877.25,877.0,883.85,865.1, 881.95,881.65,875.33,683634,31086, 358984, 52.51
GODREJIND, EQ, 02-Dec-2022,457.85,455.1,458.9,454.3, 457.40,457.6,456.9,97151,3512, 58066, 59.77
GODREJPROP, EQ, 02-Dec-2022,1326.5,1327.0,1342.65,1320.05, 1330.25,1333.6,1331.66,829734,60950, 299287, 36.07
GPPL, EQ, 02-Dec-2022,91.65,92.75,93.35,91.65, 91.80,92.1,92.43,889985,8106, 485399, 54.54
GRANULES, EQ, 02-Dec-2022,340.8,341.55,342.8,335.65, 339.60,339.6,338.48,841191,11938, 275635, 32.77
GRAPHITE, EQ, 02-Dec-2022,386.2,386.3,393.95,386.3, 391.50,391.3,390.97,383534,9357, 122308, 31.89
GRASIM, EQ, 02-Dec-2022,1799.95,1796.8,1824.7,1786.0, 1817.40,1819.65,1809.47,1352278,49429, 505079, 37.35
GREAVESCOT, EQ, 02-Dec-2022,149.35,149.9,151.6,147.6, 147.95,147.9,148.99,1259781,12053, 652211, 51.77
GREENLAM, EQ, 02-Dec-2022,334.65,335.0,339.0,332.95, 335.00,334.75,335.35,9946,825, 6449, 64.84
GREENPLY, EQ, 02-Dec-2022,162.95,162.05,163.1,159.55, 160.75,160.4,160.42,191178,6037, 123702, 64.71
GRINDWELL, EQ, 02-Dec-2022,1945.7,1952.75,1952.75,1921.5, 1933.00,1937.9,1941.74,22908,4594, 15782, 68.89
GRSE, EQ, 02-Dec-2022,502.0,504.55,518.9,502.0, 512.40,516.05,511.0,1072119,21151, 232164, 21.65
GSFC, EQ, 02-Dec-2022,130.9,131.1,132.3,130.55, 131.25,131.4,131.35,1510564,16631, 773859, 51.23
GSPL, EQ, 02-Dec-2022,264.45,265.95,268.9,262.65, 263.65,263.7,264.86,576664,9734, 182542, 31.65
GTPL, EQ, 02-Dec-2022,138.9,139.9,140.95,137.3, 139.85,139.1,139.08,158485,4713, 82579, 52.11
GUJALKALI, EQ, 02-Dec-2022,792.9,791.8,800.95,789.95, 793.75,794.0,794.28,59659,3230, 23971, 40.18
GUJGASLTD, EQ, 02-Dec-2022,508.3,510.0,522.9,508.25, 516.00,516.3,517.35,2325266,47834, 708183, 30.46
GULFOILLUB, EQ, 02-Dec-2022,455.25,454.0,458.55,450.95, 455.30,455.8,455.65,47349,5041, 29484, 62.27
HAL, EQ, 02-Dec-2022,2755.4,2752.4,2807.0,2745.0, 2772.00,2774.25,2778.1,935977,45798, 231247, 24.71
HAPPSTMNDS, EQ, 02-Dec-2022,980.8,985.9,995.7,980.0, 990.00,985.7,989.0,299697,14839, 111113, 37.08
HATHWAY, EQ, 02-Dec-2022,17.35,17.35,17.7,17.25, 17.40,17.35,17.42,4422379,4527, 2138103, 48.35
HATSUN, EQ, 02-Dec-2022,959.25,964.0,964.0,922.35, 946.00,945.55,943.8,212939,9177, 119156, 55.96
HAVELLS, EQ, 02-Dec-2022,1250.4,1249.0,1252.9,1232.05, 1238.80,1238.95,1241.74,444917,17847, 193564, 43.51
HCC, EQ, 02-Dec-2022,17.05,17.0,19.35,16.85, 18.70,18.55,18.46,112851440,50176, 35593951, 31.54
HCG, EQ, 02-Dec-2022,303.1,304.85,306.45,300.45, 304.95,304.9,304.08,140818,3985, 111424, 79.13
HCLTECH, EQ, 02-Dec-2022,1136.4,1136.4,1140.4,1123.85, 1140.00,1135.55,1131.24,2944923,94701, 2215207, 75.22
HDFC, EQ, 02-Dec-2022,2700.95,2672.0,2684.95,2663.0, 2666.00,2665.3,2670.66,2710648,91852, 1899494, 70.08
HDFCAMC, EQ, 02-Dec-2022,2199.9,2199.85,2229.9,2186.0, 2190.00,2193.95,2203.0,358759,20406, 223423, 62.28
HDFCBANK, EQ, 02-Dec-2022,1619.5,1610.0,1618.6,1605.15, 1607.75,1607.1,1609.97,3905539,157768, 2675200, 68.50
HDFCLIFE, EQ, 02-Dec-2022,596.45,594.95,594.95,586.95, 591.00,589.85,591.07,2788220,65198, 1731878, 62.11
HEG, EQ, 02-Dec-2022,1058.45,1058.45,1073.1,1055.1, 1062.00,1060.0,1061.9,145823,7333, 41734, 28.62
HEIDELBERG, EQ, 02-Dec-2022,207.55,206.9,208.75,205.4, 207.25,207.0,206.82,176681,3820, 84056, 47.58
HEMIPROP, EQ, 02-Dec-2022,97.1,97.55,103.45,97.3, 102.80,102.85,101.28,3260819,18352, 1169753, 35.87
HERANBA, EQ, 02-Dec-2022,535.15,532.1,537.1,530.2, 534.35,533.25,533.5,20559,1539, 14150, 68.83
HERITGFOOD, EQ, 02-Dec-2022,325.3,327.0,348.0,321.05, 344.15,345.45,339.39,278221,9967, 132252, 47.53
HEROMOTOCO, EQ, 02-Dec-2022,2871.8,2865.0,2865.0,2813.0, 2816.05,2820.45,2835.86,526214,41265, 279850, 53.18
HESTERBIO, EQ, 02-Dec-2022,1847.0,1856.2,1874.95,1840.0, 1856.00,1858.85,1855.83,2054,494, 1047, 50.97
HFCL, EQ, 02-Dec-2022,79.0,79.2,82.0,78.7, 81.15,81.4,80.5,12783273,27709, 4543439, 35.54
HGINFRA, EQ, 02-Dec-2022,598.25,601.1,603.95,586.6, 594.80,593.2,592.88,38709,4939, 15481, 39.99
HIKAL, EQ, 02-Dec-2022,339.6,339.6,343.5,339.0, 342.30,342.7,341.46,75721,2370, 31476, 41.57
HIL, EQ, 02-Dec-2022,2694.7,2700.0,2774.9,2665.0, 2769.95,2764.25,2732.06,17525,3323, 10655, 60.80
HIMATSEIDE, EQ, 02-Dec-2022,96.85,96.8,97.0,95.65, 96.40,96.4,96.42,182250,3571, 114524, 62.84
HINDALCO, EQ, 02-Dec-2022,463.4,463.3,470.4,458.0, 461.10,461.1,464.75,6621056,88658, 2125210, 32.10
HINDCOPPER, EQ, 02-Dec-2022,119.4,118.3,120.5,117.5, 118.60,118.65,118.73,2927276,14222, 1001035, 34.20
HINDOILEXP, EQ, 02-Dec-2022,142.05,144.85,146.7,143.0, 143.60,143.7,145.29,391106,5572, 135657, 34.69
HINDPETRO, EQ, 02-Dec-2022,236.45,236.45,238.65,234.25, 235.85,235.7,236.08,4206982,42896, 1631500, 38.78
HINDUNILVR, EQ, 02-Dec-2022,2662.85,2660.0,2660.0,2607.15, 2620.00,2615.1,2621.52,2101890,109649, 1500157, 71.37
HINDZINC, EQ, 02-Dec-2022,307.0,308.0,311.0,304.2, 306.35,305.4,306.98,828054,16351, 473478, 57.18
HOMEFIRST, EQ, 02-Dec-2022,749.65,760.0,772.9,750.0, 756.60,757.65,761.19,233685,22304, 94249, 40.33
HONAUT, EQ, 02-Dec-2022,42019.3,42200.0,42649.95,42060.05, 42430.00,42369.05,42308.2,4912,3110, 1293, 26.32
HSCL, EQ, 02-Dec-2022,100.7,101.0,102.45,100.6, 101.00,101.1,101.42,1725227,6968, 677329, 39.26
HUDCO, EQ, 02-Dec-2022,53.2,53.15,54.2,52.6, 52.80,52.8,53.25,9958913,19554, 2783179, 27.95
HUHTAMAKI, EQ, 02-Dec-2022,194.8,196.75,197.0,194.35, 195.00,195.05,195.42,37022,1247, 22134, 59.79
IBREALEST, EQ, 02-Dec-2022,84.05,84.1,86.8,83.9, 85.60,85.85,85.82,10451315,28501, 3018318, 28.88
IBULHSGFIN, EQ, 02-Dec-2022,142.4,142.0,143.2,141.4, 142.90,142.8,142.47,5110019,19818, 1297718, 25.40
ICICIBANK, EQ, 02-Dec-2022,940.2,928.25,934.5,926.1, 929.00,930.6,929.76,14228874,285525, 10640084, 74.78
ICICIGI, EQ, 02-Dec-2022,1224.6,1224.6,1253.95,1222.05, 1245.00,1238.65,1242.14,864356,70739, 476520, 55.13
ICICIPRULI, EQ, 02-Dec-2022,476.65,478.3,483.45,474.1, 479.50,482.25,477.61,1566499,24049, 876233, 55.94
ICIL, EQ, 02-Dec-2022,138.95,139.65,140.9,138.1, 139.50,139.15,139.65,235036,3319, 136549, 58.10
ICRA, EQ, 02-Dec-2022,4383.2,4425.0,4430.0,4301.25, 4370.00,4390.15,4364.26,3048,819, 1414, 46.39
IDBI, EQ, 02-Dec-2022,53.15,53.05,54.9,52.85, 53.85,53.9,53.93,15953184,24271, 4876477, 30.57
IDEA, EQ, 02-Dec-2022,8.15,8.15,8.35,8.15, 8.30,8.3,8.24,50332214,65675, 27513097, 54.66
IDFC, EQ, 02-Dec-2022,82.95,82.95,84.25,82.4, 83.65,83.8,83.49,6081702,21554, 2070600, 34.05
IDFCFIRSTB, EQ, 02-Dec-2022,58.75,58.7,59.35,58.55, 59.10,59.0,58.98,27305887,42942, 9744393, 35.69
IEX, EQ, 02-Dec-2022,148.0,148.85,151.0,148.5, 150.20,150.2,150.19,9043113,58156, 3088264, 34.15
IFBIND, EQ, 02-Dec-2022,927.6,935.0,955.0,912.0, 950.00,951.5,937.19,77205,5616, 33512, 43.41
IFCI, EQ, 02-Dec-2022,13.1,13.05,14.2,13.05, 13.85,13.8,13.71,29423258,15506, 8462651, 28.76
IGL, EQ, 02-Dec-2022,434.1,436.0,440.35,432.0, 437.95,438.45,436.91,2690990,37768, 1095058, 40.69
IGPL, EQ, 02-Dec-2022,528.15,528.0,533.0,528.0, 530.75,531.8,531.96,14860,1093, 10988, 73.94
IIFLSEC, EQ, 02-Dec-2022,68.45,68.85,69.9,68.5, 68.65,68.65,69.09,489141,4562, 152841, 31.25
IIFLWAM, EQ, 02-Dec-2022,1826.35,1843.7,1850.0,1765.05, 1781.65,1797.85,1787.47,236456,12581, 184418, 77.99
IMFA, EQ, 02-Dec-2022,262.75,264.8,267.95,263.0, 265.40,266.55,265.54,83630,3292, 46845, 56.01
INDHOTEL, EQ, 02-Dec-2022,324.0,324.5,326.75,322.5, 324.00,324.55,324.7,2541213,31046, 1070737, 42.13
INDIACEM, EQ, 02-Dec-2022,247.2,248.7,251.8,247.55, 248.60,248.85,249.73,5574678,35481, 919648, 16.50
INDIAGLYCO, EQ, 02-Dec-2022,766.45,764.5,784.45,764.5, 781.00,780.2,778.7,49214,3152, 24936, 50.67
INDIAMART, EQ, 02-Dec-2022,4443.4,4430.0,4475.0,4414.55, 4465.00,4466.75,4454.31,36064,6263, 11204, 31.07
INDIANB, EQ, 02-Dec-2022,276.05,276.05,284.7,273.75, 282.15,282.35,282.23,4341809,32567, 2120720, 48.84
INDIGO, EQ, 02-Dec-2022,1944.15,1936.95,1952.85,1912.1, 1912.20,1916.5,1926.39,383481,22607, 144694, 37.73
INDIGOPNTS, EQ, 02-Dec-2022,1334.85,1333.05,1349.55,1330.0, 1337.35,1340.55,1338.28,65123,8341, 36485, 56.02
INDOCO, EQ, 02-Dec-2022,394.7,393.0,405.2,391.3, 397.50,397.9,396.69,46824,3201, 26746, 57.12
INDUSINDBK, EQ, 02-Dec-2022,1173.9,1169.65,1185.75,1167.05, 1179.80,1178.7,1176.11,2299901,63071, 1303401, 56.67
INDUSTOWER, EQ, 02-Dec-2022,201.65,201.65,204.4,201.3, 202.40,202.75,202.79,1119346,11535, 482003, 43.06
INEOSSTYRO, EQ, 02-Dec-2022,822.05,822.05,828.7,820.0, 825.70,824.4,824.29,15860,1565, 11263, 71.02
INFIBEAM, EQ, 02-Dec-2022,16.9,17.05,17.4,16.85, 17.20,17.15,17.16,7147459,6996, 2933530, 41.04
INFY, EQ, 02-Dec-2022,1657.1,1656.0,1661.8,1633.95, 1640.95,1637.9,1642.69,4283343,144010, 2883697, 67.32
INGERRAND, EQ, 02-Dec-2022,2170.6,2150.0,2175.35,2130.25, 2141.00,2144.55,2151.87,9770,2297, 5094, 52.14
INOXLEISUR, EQ, 02-Dec-2022,556.55,559.0,559.85,549.65, 555.25,555.0,555.83,314547,10470, 112103, 35.64
INOXWIND, EQ, 02-Dec-2022,122.6,123.95,130.0,123.9, 126.45,127.2,127.27,954167,9797, 266182, 27.90
INTELLECT, EQ, 02-Dec-2022,468.0,466.5,472.4,461.3, 471.85,470.3,467.42,358226,9961, 123674, 34.52
IOB, EQ, 02-Dec-2022,22.8,22.95,23.35,22.6, 22.85,22.95,22.98,14906223,14902, 3603131, 24.17
IOC, EQ, 02-Dec-2022,76.2,76.2,77.2,76.0, 76.95,77.0,76.97,18220281,52849, 10544647, 57.87
IOLCP, EQ, 02-Dec-2022,346.3,345.5,351.9,343.1, 346.70,346.6,347.61,93988,5760, 47366, 50.40
IPCALAB, EQ, 02-Dec-2022,864.65,862.25,875.0,857.5, 867.05,868.55,867.13,307444,9655, 185450, 60.32
IRB, EQ, 02-Dec-2022,280.0,279.1,280.0,273.0, 274.95,274.55,276.36,1516374,23435, 681793, 44.96
IRCON, EQ, 02-Dec-2022,62.4,62.5,64.5,61.45, 63.00,63.25,63.37,24200294,52736, 6313520, 26.09
IRCTC, EQ, 02-Dec-2022,731.95,735.0,735.0,727.3, 730.00,730.1,730.08,926912,22870, 432975, 46.71
IRFC, EQ, 02-Dec-2022,34.2,34.7,34.75,33.9, 34.40,34.5,34.36,100345607,109907, 19164957, 19.10
ISEC, EQ, 02-Dec-2022,524.75,526.0,539.8,524.0, 537.60,536.35,530.48,199897,12486, 104103, 52.08
ITC, EQ, 02-Dec-2022,339.55,339.35,340.8,336.75, 337.50,337.15,337.85,8388835,104028, 5530292, 65.92
ITDC, EQ, 02-Dec-2022,378.4,379.9,386.4,375.7, 377.00,377.55,380.47,110865,4627, 44955, 40.55
ITDCEM, EQ, 02-Dec-2022,125.2,125.0,125.45,122.05, 122.35,122.5,123.57,960333,10063, 531617, 55.36
ITI, EQ, 02-Dec-2022,115.55,116.9,116.9,113.05, 114.00,114.5,114.86,444620,4686, 173006, 38.91
J&KBANK, EQ, 02-Dec-2022,45.85,45.85,47.4,45.55, 46.75,46.6,46.58,6996388,11384, 2430522, 34.74
JAGRAN, EQ, 02-Dec-2022,72.35,72.35,72.8,71.75, 72.50,72.2,72.42,209815,1796, 170393, 81.21
JAICORPLTD, EQ, 02-Dec-2022,170.2,170.5,171.4,168.05, 168.25,168.6,169.57,985527,8160, 263707, 26.76
JAMNAAUTO, EQ, 02-Dec-2022,112.25,112.7,114.0,112.05, 112.55,112.5,113.02,639713,7007, 271497, 42.44
JBCHEPHARM, EQ, 02-Dec-2022,2018.0,2028.6,2030.0,1995.5, 2009.90,2000.75,2011.77,35743,3805, 26174, 73.23
JBMA, EQ, 02-Dec-2022,431.05,432.8,432.8,422.95, 427.80,426.25,427.33,87413,6522, 40711, 46.57
JCHAC, EQ, 02-Dec-2022,1159.85,1159.85,1201.85,1146.8, 1166.00,1156.85,1165.45,30849,5599, 13331, 43.21
JINDALPOLY, EQ, 02-Dec-2022,874.75,878.9,882.0,864.55, 880.00,879.1,874.09,24340,2787, 10360, 42.56
JINDALSAW, EQ, 02-Dec-2022,91.4,91.9,94.95,89.55, 93.45,94.05,92.28,1988860,13276, 916055, 46.06
JINDALSTEL, EQ, 02-Dec-2022,564.5,564.45,570.8,560.5, 564.20,564.45,564.41,4132768,68466, 1500301, 36.30
JKCEMENT, EQ, 02-Dec-2022,3201.05,3201.95,3247.7,3195.05, 3234.95,3236.35,3227.33,121361,8643, 28955, 23.86
JKIL, EQ, 02-Dec-2022,276.75,276.05,281.75,276.05, 279.90,279.6,279.38,79091,2053, 41506, 52.48
JKLAKSHMI, EQ, 02-Dec-2022,714.55,715.0,751.0,710.3, 745.25,748.55,739.15,1476913,55058, 588491, 39.85
JKPAPER, EQ, 02-Dec-2022,418.3,419.4,423.0,411.0, 414.00,414.1,417.41,819773,21535, 362067, 44.17
JKTYRE, EQ, 02-Dec-2022,199.6,198.05,207.1,196.25, 202.70,202.95,202.89,6203702,43355, 1006617, 16.23
JMCPROJECT, EQ, 02-Dec-2022,126.15,126.6,127.65,125.25, 126.20,126.0,126.41,89403,2160, 48244, 53.96
JMFINANCIL, EQ, 02-Dec-2022,75.95,76.2,79.95,75.75, 79.50,79.55,78.44,5902227,21502, 2718735, 46.06
JPPOWER, EQ, 02-Dec-2022,7.9,7.9,8.15,7.7, 7.95,7.95,7.94,86825648,23715, 28927984, 33.32
JSL, EQ, 02-Dec-2022,176.4,177.0,180.0,175.55, 177.60,176.95,178.16,1813517,12609, 1394088, 76.87
JSLHISAR, EQ, 02-Dec-2022,340.7,340.7,346.8,340.5, 343.90,342.2,343.46,95091,5037, 51307, 53.96
JSWHL, EQ, 02-Dec-2022,4399.05,4450.0,4450.0,4310.1, 4364.00,4354.75,4377.55,1040,460, 622, 59.81
JSWSTEEL, EQ, 02-Dec-2022,746.3,746.65,751.3,740.55, 745.00,743.05,744.17,1392199,27681, 562599, 40.41
JTEKTINDIA, EQ, 02-Dec-2022,147.8,147.05,149.55,146.2, 148.70,147.2,147.53,332056,5115, 172892, 52.07
JUBLFOOD, EQ, 02-Dec-2022,547.15,547.4,551.0,544.25, 548.20,547.65,548.02,1998883,36610, 1142496, 57.16
JUBLINGREA, EQ, 02-Dec-2022,533.55,533.55,538.9,528.5, 529.75,529.35,532.34,159354,4656, 77785, 48.81
JUBLPHARMA, EQ, 02-Dec-2022,381.15,382.5,382.85,374.1, 379.00,378.75,378.06,160678,17925, 70670, 43.98
JUSTDIAL, EQ, 02-Dec-2022,597.6,597.45,601.7,594.0, 595.00,597.5,597.81,89810,2791, 33772, 37.60
JYOTHYLAB, EQ, 02-Dec-2022,201.05,202.45,211.75,202.35, 211.30,210.45,208.88,1769914,24513, 492758, 27.84
KAJARIACER, EQ, 02-Dec-2022,1166.1,1166.0,1194.0,1160.45, 1180.00,1185.45,1180.71,136296,15078, 60124, 44.11
KALPATPOWR, EQ, 02-Dec-2022,527.15,522.05,533.4,517.05, 522.90,523.35,526.2,177225,10685, 54597, 30.81
KALYANKJIL, EQ, 02-Dec-2022,106.05,105.9,110.65,104.5, 109.20,109.75,108.54,6867433,37215, 2369457, 34.50
KANSAINER, EQ, 02-Dec-2022,441.5,441.95,443.95,438.0, 443.00,440.7,440.47,40306,2967, 21177, 52.54
KARURVYSYA, EQ, 02-Dec-2022,99.95,100.0,100.8,98.8, 99.20,99.15,99.46,2686532,15254, 1475414, 54.92
KEC, EQ, 02-Dec-2022,417.2,418.0,424.8,417.5, 418.10,419.25,420.59,217680,9537, 117569, 54.01
KEI, EQ, 02-Dec-2022,1586.3,1585.0,1624.0,1580.7, 1621.00,1616.35,1600.07,193392,8924, 129550, 66.99
KIOCL, EQ, 02-Dec-2022,215.7,215.95,223.5,215.95, 216.80,217.75,219.68,85181,3044, 26687, 31.33
KIRIINDUS, EQ, 02-Dec-2022,492.9,494.7,496.85,478.0, 483.00,481.8,485.32,136236,4422, 90126, 66.15
KIRLOSENG, EQ, 02-Dec-2022,336.6,336.6,343.95,332.1, 335.90,335.8,336.2,327266,10687, 94119, 28.76
KIRLOSIND, EQ, 02-Dec-2022,1953.3,1958.95,1973.0,1925.0, 1930.00,1929.3,1939.66,3032,530, 1996, 65.83
KNRCON, EQ, 02-Dec-2022,255.2,255.2,260.0,254.0, 258.95,258.85,258.11,162023,4511, 92305, 56.97
KOLTEPATIL, EQ, 02-Dec-2022,317.35,316.0,322.95,314.0, 316.40,315.95,318.82,147803,4305, 60927, 41.22
KOTAKBANK, EQ, 02-Dec-2022,1934.3,1917.1,1934.9,1917.1, 1933.00,1930.8,1926.27,1590968,63389, 1053950, 66.25
KPITTECH, EQ, 02-Dec-2022,712.5,712.5,721.8,710.55, 719.00,719.0,718.77,760559,27593, 315414, 41.47
KPRMILL, EQ, 02-Dec-2022,550.5,550.5,553.4,541.1, 547.85,544.6,547.72,770418,23304, 554120, 71.92
KRBL, EQ, 02-Dec-2022,433.9,433.85,433.85,424.0, 425.95,426.45,427.46,762592,19448, 244477, 32.06
KSB, EQ, 02-Dec-2022,1958.8,1958.0,1968.6,1921.35, 1930.00,1927.5,1936.93,11742,2751, 5925, 50.46
KSCL, EQ, 02-Dec-2022,512.6,513.0,521.4,511.35, 516.00,515.15,515.82,88277,3100, 60263, 68.27
KSL, EQ, 02-Dec-2022,339.45,341.15,349.7,332.8, 335.85,335.05,342.38,74387,3658, 33155, 44.57
KTKBANK, EQ, 02-Dec-2022,148.5,149.25,152.7,146.3, 151.70,151.3,149.2,4445956,17821, 1863517, 41.91
L&TFH, EQ, 02-Dec-2022,88.4,88.4,92.25,88.15, 91.35,91.35,91.1,28502730,77570, 7744466, 27.17
LALPATHLAB, EQ, 02-Dec-2022,2438.75,2450.95,2485.0,2439.0, 2475.00,2478.15,2476.22,249193,13312, 116286, 46.67
LAOPALA, EQ, 02-Dec-2022,404.2,405.8,417.7,400.1, 416.50,415.6,410.84,229522,8084, 124376, 54.19
LAURUSLABS, EQ, 02-Dec-2022,418.55,413.0,426.3,413.0, 423.00,423.6,420.51,2167607,30109, 841152, 38.81
LAXMIMACH, EQ, 02-Dec-2022,13254.2,13155.0,13342.4,13150.05, 13284.50,13256.4,13260.86,1946,898, 930, 47.79
LEMONTREE, EQ, 02-Dec-2022,98.0,98.45,100.95,98.05, 98.65,99.05,99.39,3950025,19877, 1014752, 25.69
LICHSGFIN, EQ, 02-Dec-2022,394.0,393.9,396.8,390.15, 393.20,393.6,393.41,941287,20575, 402242, 42.73
LINDEINDIA, EQ, 02-Dec-2022,3029.8,3044.95,3151.15,3028.85, 3120.00,3117.0,3088.33,73412,9159, 38917, 53.01
LT, EQ, 02-Dec-2022,2104.25,2096.1,2098.9,2069.15, 2090.00,2085.5,2082.38,1957264,119334, 1358489, 69.41
LTI, EQ, 02-Dec-2022,5010.45,5024.0,5125.0,4970.0, 5062.00,5065.75,5050.47,783131,65557, 288176, 36.80
LTTS, EQ, 02-Dec-2022,4159.75,4145.0,4318.7,4111.0, 4289.00,4287.35,4251.59,1454848,90316, 151101, 10.39
LUMAXIND, EQ, 02-Dec-2022,1963.65,1963.65,1963.65,1892.0, 1900.00,1910.75,1927.02,17557,3321, 7992, 45.52
LUPIN, EQ, 02-Dec-2022,770.3,769.95,779.0,762.4, 772.20,776.0,769.83,956797,21031, 234855, 24.55
LUXIND, EQ, 02-Dec-2022,1698.15,1700.0,1732.0,1698.8, 1710.10,1716.45,1717.2,67859,6681, 44312, 65.30
LXCHEM, EQ, 02-Dec-2022,303.1,303.7,306.4,302.7, 304.50,304.2,304.28,266521,7894, 123131, 46.20
M&M, EQ, 02-Dec-2022,1293.45,1286.45,1293.8,1260.0, 1266.95,1264.6,1268.4,2892150,100936, 1666153, 57.61
M&MFIN, EQ, 02-Dec-2022,220.3,219.75,230.4,219.45, 228.00,229.0,227.14,7479669,59483, 2246823, 30.04
MAHABANK, EQ, 02-Dec-2022,27.1,27.45,28.0,27.05, 27.30,27.35,27.48,24037754,23265, 6295674, 26.19
MAHINDCIE, EQ, 02-Dec-2022,287.65,288.0,291.75,285.5, 287.95,287.55,288.59,174230,4769, 79043, 45.37
MAHLIFE, EQ, 02-Dec-2022,389.3,389.7,394.0,385.6, 391.00,392.2,389.25,180762,4322, 125957, 69.68
MAHLOG, EQ, 02-Dec-2022,507.45,509.9,513.45,505.0, 507.65,507.9,508.5,111024,3976, 77767, 70.05
MAHSCOOTER, EQ, 02-Dec-2022,4978.0,5002.8,5002.8,4922.45, 4959.95,4956.6,4947.62,3340,1027, 1883, 56.38
MAHSEAMLES, EQ, 02-Dec-2022,373.9,374.0,389.95,372.05, 387.10,387.95,381.34,245480,10432, 108840, 44.34
MAITHANALL, EQ, 02-Dec-2022,960.5,964.9,971.0,951.9, 956.90,957.7,961.81,20800,2234, 11317, 54.41
MANAPPURAM, EQ, 02-Dec-2022,116.35,116.45,120.15,115.9, 119.20,119.4,118.78,11095185,40892, 3413730, 30.77
MARICO, EQ, 02-Dec-2022,501.5,501.05,505.85,498.6, 504.30,503.85,501.79,1542730,27748, 995136, 64.50
MARKSANS, EQ, 02-Dec-2022,57.9,57.9,59.1,57.7, 58.15,58.35,58.46,1162161,6296, 511893, 44.05
MARUTI, EQ, 02-Dec-2022,8958.15,8820.0,8928.9,8754.75, 8823.00,8815.85,8825.9,971612,111529, 446718, 45.98
MASFIN, EQ, 02-Dec-2022,854.95,863.5,863.5,845.0, 848.00,847.6,849.92,12641,1287, 6241, 49.37
MASTEK, EQ, 02-Dec-2022,1793.05,1807.0,1825.0,1779.0, 1785.00,1787.3,1800.36,103550,10221, 43322, 41.84
MATRIMONY, EQ, 02-Dec-2022,622.5,626.4,640.6,621.1, 625.40,624.65,627.45,14922,1846, 8607, 57.68
MAXHEALTH, EQ, 02-Dec-2022,452.3,452.8,452.8,445.05, 447.90,447.5,447.47,806478,30973, 544327, 67.49
MAYURUNIQ, EQ, 02-Dec-2022,454.45,450.0,458.05,450.0, 455.05,455.1,455.1,29034,1772, 22078, 76.04
MAZDOCK, EQ, 02-Dec-2022,911.9,915.25,920.0,902.15, 914.50,914.0,912.4,3085890,60532, 306721, 9.94
MCDOWELL-N, EQ, 02-Dec-2022,926.05,930.0,939.95,924.5, 934.00,935.9,931.97,1578503,57870, 674444, 42.73
METROPOLIS, EQ, 02-Dec-2022,1476.55,1476.55,1492.4,1464.0, 1477.85,1478.65,1478.23,182795,13214, 86941, 47.56
MFSL, EQ, 02-Dec-2022,701.25,701.25,711.0,698.75, 705.90,706.2,704.29,337560,14697, 107819, 31.94
MGL, EQ, 02-Dec-2022,899.75,904.5,918.0,899.0, 905.00,907.25,911.09,489400,12433, 101666, 20.77
MHRIL, EQ, 02-Dec-2022,283.95,284.95,289.1,280.05, 288.00,286.6,286.94,234649,5759, 102820, 43.82
MIDHANI, EQ, 02-Dec-2022,244.7,244.65,247.95,241.35, 242.15,242.15,243.67,583214,8452, 197569, 33.88
MINDACORP, EQ, 02-Dec-2022,212.35,212.9,222.25,212.4, 220.50,220.55,219.96,1071049,12721, 395938, 36.97
MMFL, EQ, 02-Dec-2022,870.35,876.05,876.05,852.25, 863.95,861.1,863.05,12950,1251, 9357, 72.25
MMTC, EQ, 02-Dec-2022,41.2,41.35,42.6,41.1, 41.85,41.95,41.94,3864481,10774, 1102226, 28.52
MOIL, EQ, 02-Dec-2022,161.65,163.6,172.4,163.6, 167.65,168.35,169.47,2560931,24735, 499850, 19.52
MOREPENLAB, EQ, 02-Dec-2022,31.05,31.05,31.4,30.75, 30.95,30.9,31.04,1305611,4217, 693422, 53.11
MOTILALOFS, EQ, 02-Dec-2022,665.7,666.0,668.0,662.5, 665.50,666.2,665.92,83331,4447, 61532, 73.84
MPHASIS, EQ, 02-Dec-2022,2135.2,2160.0,2168.0,2133.7, 2158.05,2157.35,2154.0,720904,40571, 245968, 34.12
MRF, EQ, 02-Dec-2022,94325.5,94490.0,94988.0,93234.0, 94489.95,94554.2,94234.46,11977,7204, 2568, 21.44
MRPL, EQ, 02-Dec-2022,58.15,59.5,61.25,59.1, 59.20,59.3,60.19,7812808,20467, 2589554, 33.14
MSTCLTD, EQ, 02-Dec-2022,332.95,333.8,341.65,332.0, 333.00,334.0,335.83,557783,12542, 158578, 28.43
MTARTECH, EQ, 02-Dec-2022,1600.45,1607.4,1750.0,1599.35, 1735.25,1737.8,1707.93,1259489,66980, 290409, 23.06
MTNL, EQ, 02-Dec-2022,23.3,23.35,24.35,23.05, 23.60,23.7,23.74,2610188,4906, 900106, 34.48
MUTHOOTFIN, EQ, 02-Dec-2022,1111.35,1113.3,1138.35,1105.6, 1137.50,1135.75,1126.57,1166964,42919, 297337, 25.48
NAM-INDIA, EQ, 02-Dec-2022,268.6,268.9,271.45,268.0, 270.00,269.75,269.47,291054,5925, 182190, 62.60
NATCOPHARM, EQ, 02-Dec-2022,576.95,581.85,597.0,572.35, 579.00,581.95,583.11,486113,13457, 237976, 48.95
NATIONALUM, EQ, 02-Dec-2022,78.0,77.8,78.7,77.65, 78.00,78.0,78.2,7625013,20098, 2880162, 37.77
NAUKRI, EQ, 02-Dec-2022,4029.35,4029.35,4054.6,4011.0, 4049.95,4042.6,4037.81,201288,19914, 74145, 36.84
NAVINFLUOR, EQ, 02-Dec-2022,4367.55,4368.05,4424.9,4335.0, 4416.30,4418.45,4386.76,99209,12490, 44420, 44.77
NAVNETEDUL, EQ, 02-Dec-2022,126.65,126.15,129.5,126.15, 128.50,128.6,128.04,224226,3209, 127344, 56.79
NAZARA, EQ, 02-Dec-2022,612.4,613.0,626.0,607.5, 621.00,621.05,618.46,413237,15783, 99464, 24.07
NBCC, EQ, 02-Dec-2022,42.2,42.25,43.2,41.95, 42.65,42.65,42.66,8904478,17981, 3705894, 41.62
NCC, EQ, 02-Dec-2022,79.65,79.95,81.35,79.85, 80.25,80.3,80.63,4514505,28123, 1962118, 43.46
NEOGEN, EQ, 02-Dec-2022,1289.35,1285.0,1300.0,1285.0, 1292.00,1291.4,1292.43,21335,3425, 11351, 53.20
NESCO, EQ, 02-Dec-2022,630.2,630.0,636.8,627.8, 630.00,629.45,631.69,47205,2065, 29585, 62.67
NETWORK18, EQ, 02-Dec-2022,73.4,73.0,76.6,71.45, 74.30,74.2,74.4,5566406,20921, 972630, 17.47
NEWGEN, EQ, 02-Dec-2022,363.2,364.95,374.0,362.6, 370.25,370.2,369.12,107161,6195, 54324, 50.69
NFL, EQ, 02-Dec-2022,56.7,56.7,59.15,56.6, 57.75,57.85,58.12,2003655,6427, 651308, 32.51
NH, EQ, 02-Dec-2022,753.1,753.1,759.0,745.0, 757.00,757.6,756.36,111087,5544, 81968, 73.79
NHPC, EQ, 02-Dec-2022,42.05,42.15,42.55,41.8, 41.90,41.95,42.08,10220169,24187, 6172483, 60.40
NIACL, EQ, 02-Dec-2022,106.95,107.25,111.4,106.85, 110.20,110.25,109.96,1877387,15020, 493355, 26.28
NIITLTD, EQ, 02-Dec-2022,338.75,340.5,347.55,339.05, 341.10,341.45,342.84,956658,21674, 235275, 24.59
NILKAMAL, EQ, 02-Dec-2022,1923.1,1923.0,1955.85,1912.25, 1940.00,1932.9,1934.02,6018,1038, 4200, 69.79
NLCINDIA, EQ, 02-Dec-2022,83.4,84.0,88.8,83.75, 88.10,88.25,86.9,9935830,40274, 3622676, 36.46
NMDC, EQ, 02-Dec-2022,119.9,120.65,121.45,119.55, 119.90,119.9,120.41,5539673,34670, 1832195, 33.07
NOCIL, EQ, 02-Dec-2022,235.6,235.0,235.95,232.3, 233.90,233.6,233.6,197966,4683, 97431, 49.22
NTPC, EQ, 02-Dec-2022,172.2,172.4,172.85,171.15, 172.30,172.15,172.08,6376672,55163, 4227163, 66.29
NUCLEUS, EQ, 02-Dec-2022,394.0,396.0,397.85,393.7, 396.50,395.45,395.04,22585,1234, 15736, 69.67
OAL, EQ, 02-Dec-2022,460.1,456.2,463.4,452.05, 454.40,453.65,456.35,6698,516, 5119, 76.43
OBEROIRLTY, EQ, 02-Dec-2022,960.8,965.0,976.9,948.7, 952.15,954.25,960.02,1347966,56446, 268424, 19.91
OFSS, EQ, 02-Dec-2022,3122.0,3128.95,3295.0,3125.05, 3215.00,3218.8,3240.2,539699,49898, 120898, 22.40
OIL, EQ, 02-Dec-2022,207.25,211.05,213.95,207.25, 207.85,207.9,209.96,1732400,16837, 620440, 35.81
OMAXE, EQ, 02-Dec-2022,76.1,76.5,86.4,76.45, 79.00,78.8,78.92,293531,5314, 90876, 30.96
ONGC, EQ, 02-Dec-2022,140.05,141.85,144.8,140.55, 140.80,140.9,142.23,24518337,90329, 8090338, 33.00
ORIENTCEM, EQ, 02-Dec-2022,130.95,131.45,132.9,130.0, 131.95,131.6,131.76,902945,17938, 453272, 50.20
ORIENTELEC, EQ, 02-Dec-2022,278.4,278.35,282.5,278.0, 278.60,279.5,279.66,278143,7248, 224404, 80.68
ORISSAMINE, EQ, 02-Dec-2022,2953.75,2949.95,3092.0,2886.1, 2939.80,2967.4,3002.99,17673,2843, 9800, 55.45
PAGEIND, EQ, 02-Dec-2022,47566.05,47501.0,47780.9,47200.1, 47569.85,47539.15,47425.05,10355,5322, 5344, 51.61
PAISALO, EQ, 02-Dec-2022,81.15,81.5,84.45,80.5, 84.00,83.15,82.04,944152,3048, 567916, 60.15
PEL, EQ, 02-Dec-2022,863.4,868.85,869.5,853.0, 858.00,859.7,859.97,699314,25735, 155752, 22.27
PERSISTENT, EQ, 02-Dec-2022,4323.9,4330.0,4398.0,4312.85, 4343.00,4345.25,4352.86,491080,42206, 200251, 40.78
PETRONET, EQ, 02-Dec-2022,210.9,210.85,213.85,210.2, 212.95,212.0,211.95,4216968,17071, 3174042, 75.27
PFC, EQ, 02-Dec-2022,138.5,139.5,139.7,137.0, 139.15,139.3,138.54,5261924,22790, 2207046, 41.94
PFIZER, EQ, 02-Dec-2022,4550.35,4551.15,4660.0,4551.15, 4596.00,4588.4,4622.77,31756,5757, 15040, 47.36
PGHH, EQ, 02-Dec-2022,14268.45,14338.0,14338.2,14080.0, 14153.30,14140.8,14211.51,17535,1993, 15106, 86.15
PGHL, EQ, 02-Dec-2022,4148.15,4160.0,4202.1,4160.0, 4183.00,4179.35,4182.09,4066,1779, 2886, 70.98
PHOENIXLTD, EQ, 02-Dec-2022,1447.75,1454.8,1499.9,1444.0, 1488.00,1492.25,1468.59,161357,14728, 82960, 51.41
PIDILITIND, EQ, 02-Dec-2022,2733.55,2733.55,2743.95,2705.0, 2735.00,2736.2,2722.22,196921,16278, 93651, 47.56
PIIND, EQ, 02-Dec-2022,3499.0,3500.0,3510.95,3412.0, 3475.95,3485.6,3450.09,409378,25797, 161733, 39.51
PILANIINVS, EQ, 02-Dec-2022,1915.9,1905.5,1950.0,1905.5, 1933.95,1933.95,1933.44,4811,611, 4093, 85.08
PNB, EQ, 02-Dec-2022,53.25,53.3,54.25,52.75, 53.90,54.0,53.64,96833859,115297, 25965188, 26.81
PNCINFRA, EQ, 02-Dec-2022,272.4,272.9,283.7,271.45, 278.55,278.85,279.7,476866,9594, 179971, 37.74
POLYCAB, EQ, 02-Dec-2022,2606.75,2616.0,2709.0,2601.0, 2676.00,2674.3,2669.47,641932,49084, 197224, 30.72
POLYMED, EQ, 02-Dec-2022,964.75,968.6,974.6,957.05, 958.05,964.0,968.38,12652,1716, 6439, 50.89
POLYPLEX, EQ, 02-Dec-2022,1780.05,1785.0,1795.0,1775.25, 1787.00,1785.1,1785.0,59447,6260, 31165, 52.42
POWERGRID, EQ, 02-Dec-2022,221.9,218.55,221.5,218.55, 219.35,219.8,219.92,9660712,70144, 6395243, 66.20
POWERINDIA, EQ, 02-Dec-2022,2931.4,2950.0,2979.1,2912.05, 2939.75,2936.25,2951.93,19898,3212, 9896, 49.73
PRAKASH, EQ, 02-Dec-2022,53.7,53.65,56.45,53.55, 55.50,55.35,55.47,1213502,6000, 600586, 49.49
PRESTIGE, EQ, 02-Dec-2022,496.0,499.8,511.2,492.0, 506.50,507.8,505.3,1144241,27002, 400438, 35.00
PRINCEPIPE, EQ, 02-Dec-2022,562.7,565.7,601.95,563.5, 600.00,597.9,591.71,851629,27995, 200261, 23.52
PRIVISCL, EQ, 02-Dec-2022,1206.55,1218.6,1224.65,1187.1, 1191.95,1192.5,1194.67,66023,5693, 30924, 46.84
PRSMJOHNSN, EQ, 02-Dec-2022,129.1,128.9,130.4,127.4, 128.10,127.85,128.66,343745,3692, 168890, 49.13
PSB, EQ, 02-Dec-2022,21.95,22.15,24.95,22.0, 23.40,23.25,23.92,21017147,25660, 4936970, 23.49
PSPPROJECT, EQ, 02-Dec-2022,637.8,640.0,642.0,629.25, 636.95,636.85,635.99,40814,2550, 20314, 49.77
PURVA, EQ, 02-Dec-2022,95.6,95.0,96.5,93.4, 93.85,93.85,94.63,136710,2511, 64843, 47.43
PVR, EQ, 02-Dec-2022,1898.05,1907.3,1914.75,1872.15, 1899.00,1899.0,1897.94,406070,17517, 121765, 29.99
QUESS, EQ, 02-Dec-2022,441.5,443.0,445.45,437.5, 439.00,439.3,440.28,368050,10868, 241584, 65.64
QUICKHEAL, EQ, 02-Dec-2022,179.65,180.55,182.5,179.3, 181.35,181.7,181.04,41504,1262, 24175, 58.25
RADICO, EQ, 02-Dec-2022,1059.4,1064.35,1150.0,1058.0, 1130.00,1134.15,1125.25,1531794,47080, 378132, 24.69
RAILTEL, EQ, 02-Dec-2022,138.25,137.9,138.9,134.35, 136.00,135.15,136.38,2318676,13488, 804247, 34.69
RAIN, EQ, 02-Dec-2022,186.3,186.85,188.15,184.05, 185.45,185.35,185.71,1265959,10615, 360084, 28.44
RAJESHEXPO, EQ, 02-Dec-2022,745.9,749.9,752.95,720.85, 723.45,727.3,733.32,501184,15437, 175870, 35.09
RALLIS, EQ, 02-Dec-2022,240.8,241.5,244.2,239.75, 240.65,241.0,241.74,232052,4713, 101536, 43.76
RAMCOCEM, EQ, 02-Dec-2022,679.7,680.0,694.55,676.25, 687.00,691.15,684.81,955293,16164, 630549, 66.01
RAMCOIND, EQ, 02-Dec-2022,165.15,165.15,167.8,164.4, 166.70,166.55,166.34,90325,2275, 58146, 64.37
RAMCOSYS, EQ, 02-Dec-2022,277.2,278.45,282.0,270.9, 273.80,272.75,275.99,112249,4247, 34156, 30.43
RATNAMANI, EQ, 02-Dec-2022,1940.25,1950.0,1980.0,1940.0, 1962.00,1973.1,1961.27,9313,1935, 4329, 46.48
RAYMOND, EQ, 02-Dec-2022,1369.65,1370.0,1630.0,1370.0, 1591.00,1608.9,1554.8,9368609,274503, 982573, 10.49
RBLBANK, EQ, 02-Dec-2022,153.3,153.3,154.95,152.0, 152.00,152.5,153.31,7283711,26029, 2178366, 29.91
RCF, EQ, 02-Dec-2022,120.2,120.2,125.65,120.05, 123.65,123.6,123.6,6524631,27785, 1573812, 24.12
RECLTD, EQ, 02-Dec-2022,110.95,111.5,111.5,110.2, 110.85,111.0,110.95,6129727,25382, 3365301, 54.90
REDINGTON, EQ, 02-Dec-2022,179.75,180.0,181.0,177.5, 177.95,178.0,178.76,1841744,16201, 927042, 50.34
RELAXO, EQ, 02-Dec-2022,952.4,952.45,957.0,945.05, 956.55,956.05,952.42,72288,7037, 47485, 65.69
RELIANCE, EQ, 02-Dec-2022,2723.3,2730.0,2748.0,2700.6, 2727.00,2722.15,2725.02,5348595,204222, 2999370, 56.08
RELIGARE, EQ, 02-Dec-2022,184.2,183.95,185.35,178.05, 182.00,180.65,180.58,1022760,8347, 603943, 59.05
REPCOHOME, EQ, 02-Dec-2022,247.85,249.45,249.45,239.1, 245.00,244.75,243.95,138310,7613, 73941, 53.46
RESPONIND, EQ, 02-Dec-2022,140.45,141.15,142.45,135.3, 138.45,138.55,137.23,167003,2628, 57079, 34.18
RITES, EQ, 02-Dec-2022,373.55,372.5,379.4,372.0, 374.00,374.15,375.68,412488,8837, 109009, 26.43
RKFORGE, EQ, 02-Dec-2022,223.75,224.0,240.9,223.1, 237.50,237.8,235.49,2061024,22159, 1127753, 54.72
ROSSARI, EQ, 02-Dec-2022,804.45,802.45,827.05,802.45, 817.00,815.35,815.55,37414,4643, 13275, 35.48
ROUTE, EQ, 02-Dec-2022,1353.85,1360.0,1368.0,1343.35, 1352.00,1349.2,1356.4,149695,10957, 78370, 52.35
RSYSTEMS, EQ, 02-Dec-2022,263.85,262.95,267.9,261.0, 262.00,261.95,265.28,92710,3384, 59776, 64.48
RUPA, EQ, 02-Dec-2022,303.25,303.0,315.0,301.5, 312.10,311.25,311.54,395842,8810, 151279, 38.22
RVNL, EQ, 02-Dec-2022,75.05,75.15,76.8,74.2, 74.95,75.15,75.19,17394032,56123, 5443320, 31.29
SAFARI, EQ, 02-Dec-2022,1661.45,1680.8,1690.0,1637.2, 1671.50,1653.7,1660.42,15118,2424, 6515, 43.09
SAGCEM, EQ, 02-Dec-2022,227.8,232.0,241.0,230.35, 232.95,232.2,236.45,354643,10627, 132658, 37.41
SAIL, EQ, 02-Dec-2022,85.85,85.95,87.45,85.5, 86.65,86.75,86.67,20303404,47257, 7684355, 37.85
SANDHAR, EQ, 02-Dec-2022,227.7,227.0,232.0,226.75, 231.95,230.6,229.28,19498,1087, 11607, 59.53
SANOFI, EQ, 02-Dec-2022,5687.45,5690.0,5764.95,5665.0, 5748.00,5742.65,5721.76,14368,4298, 9530, 66.33
SASKEN, EQ, 02-Dec-2022,1031.6,1031.6,1038.25,1010.0, 1018.85,1014.8,1025.23,31167,2460, 14583, 46.79
SBICARD, EQ, 02-Dec-2022,834.45,834.45,839.75,823.4, 837.50,838.35,832.23,1007514,38251, 452775, 44.94
SBILIFE, EQ, 02-Dec-2022,1290.75,1292.0,1299.95,1265.0, 1295.00,1295.15,1283.2,1614314,86958, 1031323, 63.89
SBIN, EQ, 02-Dec-2022,608.1,607.5,609.6,604.25, 607.60,607.55,607.29,7533838,142901, 3982578, 52.86
SCHAEFFLER, EQ, 02-Dec-2022,2772.7,2786.6,2824.8,2768.95, 2809.90,2803.35,2801.68,126775,15157, 64866, 51.17
SCHNEIDER, EQ, 02-Dec-2022,165.95,166.55,167.45,164.15, 164.90,164.85,165.69,205001,3781, 73748, 35.97
SCI, EQ, 02-Dec-2022,134.7,135.5,136.8,133.05, 133.90,133.9,134.2,1316186,7952, 651805, 49.52
SEQUENT, EQ, 02-Dec-2022,89.7,89.7,96.5,89.7, 94.80,94.65,94.63,5543716,35055, 1081731, 19.51
SFL, EQ, 02-Dec-2022,2618.65,2637.75,2654.95,2617.75, 2640.00,2631.25,2637.45,10620,2316, 5465, 51.46
SHARDACROP, EQ, 02-Dec-2022,417.25,417.45,441.0,415.0, 432.40,434.45,432.6,282831,13139, 106141, 37.53
SHILPAMED, EQ, 02-Dec-2022,304.7,304.7,304.9,300.0, 302.95,302.1,302.28,317168,7179, 90674, 28.59
SHK, EQ, 02-Dec-2022,137.3,136.0,138.65,136.0, 137.90,137.4,137.36,67273,1943, 35338, 52.53
SHOPERSTOP, EQ, 02-Dec-2022,700.9,705.7,705.7,687.1, 695.95,696.2,696.38,37150,4384, 18014, 48.49
SHREECEM, EQ, 02-Dec-2022,24007.5,24000.0,24162.0,23510.0, 24050.00,24094.85,24014.67,28427,8006, 9351, 32.89
SIEMENS, EQ, 02-Dec-2022,2774.95,2776.0,2776.4,2725.85, 2775.00,2766.75,2751.22,300778,19746, 149582, 49.73
SIS, EQ, 02-Dec-2022,399.75,401.0,401.6,392.4, 396.70,395.75,397.18,51379,4109, 28062, 54.62
SJVN, EQ, 02-Dec-2022,39.25,39.9,40.35,39.1, 39.30,39.25,39.68,9816113,20070, 3719293, 37.89
SKFINDIA, EQ, 02-Dec-2022,4848.95,4860.0,4927.95,4807.55, 4850.00,4837.9,4883.42,34055,7840, 13241, 38.88
SOBHA, EQ, 02-Dec-2022,622.95,622.95,651.4,621.05, 635.60,637.15,640.2,392538,17465, 126721, 32.28
SOLARA, EQ, 02-Dec-2022,451.05,450.0,477.0,440.75, 444.10,448.1,444.76,82852,6208, 41396, 49.96
SOLARINDS, EQ, 02-Dec-2022,4078.55,4092.25,4132.45,4040.05, 4085.00,4086.2,4087.62,53657,9512, 26743, 49.84
SONATSOFTW, EQ, 02-Dec-2022,581.45,578.45,587.95,578.45, 581.00,585.25,583.41,88153,6620, 52125, 59.13
SOTL, EQ, 02-Dec-2022,321.05,333.0,333.0,321.5, 324.50,324.6,325.68,63455,2764, 36753, 57.92
SOUTHBANK, EQ, 02-Dec-2022,16.8,16.85,16.95,16.45, 16.80,16.75,16.76,35886221,22058, 17786556, 49.56
SPARC, EQ, 02-Dec-2022,256.1,255.75,256.1,252.55, 254.00,254.25,254.06,153856,3738, 51137, 33.24
SRF, EQ, 02-Dec-2022,2398.55,2398.5,2405.0,2360.0, 2399.00,2398.6,2379.88,486483,36887, 227610, 46.79
SRTRANSFIN, EQ, 02-Dec-2022,1286.85,1286.65,1298.2,1268.0, 1286.35,1290.35,1282.07,1033710,39857, 396732, 38.38
STAR, EQ, 02-Dec-2022,343.5,344.25,352.0,338.1, 350.00,349.8,346.48,473447,11050, 226033, 47.74
STARCEMENT, EQ, 02-Dec-2022,106.4,106.9,107.4,105.6, 106.70,106.55,106.52,185031,2933, 112176, 60.63
STLTECH, EQ, 02-Dec-2022,176.8,177.25,177.95,175.8, 177.20,176.85,176.83,566308,6408, 322678, 56.98
STOVEKRAFT, EQ, 02-Dec-2022,613.2,612.0,613.95,605.0, 610.50,611.6,610.06,98006,4456, 71715, 73.17
SUBEXLTD, EQ, 02-Dec-2022,34.15,34.2,34.35,33.4, 33.95,33.9,33.82,3709863,9546, 1450379, 39.10
SUBROS, EQ, 02-Dec-2022,296.9,296.9,314.0,295.45, 308.10,307.95,305.3,24072,1393, 13624, 56.60
SUDARSCHEM, EQ, 02-Dec-2022,394.25,394.25,399.0,389.4, 392.95,392.0,392.04,83195,5687, 54217, 65.17
SUMICHEM, EQ, 02-Dec-2022,467.85,470.45,472.9,466.05, 469.10,470.6,469.81,228282,6572, 143821, 63.00
SUNCLAYLTD, EQ, 02-Dec-2022,5327.55,5327.6,5410.0,5296.55, 5350.00,5309.1,5328.93,2790,787, 1606, 57.56
SUNDARMFIN, EQ, 02-Dec-2022,2250.25,2250.0,2270.0,2232.05, 2251.15,2258.25,2256.03,16366,2861, 10915, 66.69
SUNDRMFAST, EQ, 02-Dec-2022,914.5,911.0,924.0,902.1, 905.10,910.0,916.51,54420,3973, 33280, 61.15
SUNPHARMA, EQ, 02-Dec-2022,1046.45,1048.3,1049.85,1034.8, 1041.75,1040.0,1039.8,2284133,88727, 1608449, 70.42
SUNTECK, EQ, 02-Dec-2022,405.55,405.65,407.55,396.0, 398.10,399.4,400.55,428132,12311, 223711, 52.25
SUNTV, EQ, 02-Dec-2022,494.65,494.65,501.5,490.85, 491.60,491.65,495.79,2992317,38971, 749267, 25.04
SUPRAJIT, EQ, 02-Dec-2022,345.0,347.95,349.0,341.5, 345.75,344.65,343.71,185957,4022, 143056, 76.93
SUPREMEIND, EQ, 02-Dec-2022,2431.15,2465.0,2531.95,2438.05, 2498.00,2508.1,2489.54,67225,8375, 35442, 52.72
SURYAROSNI, EQ, 02-Dec-2022,466.65,466.3,495.25,462.5, 479.15,481.2,484.54,490574,17053, 141225, 28.79
SURYODAY, EQ, 02-Dec-2022,104.0,104.95,107.9,103.35, 104.55,104.35,105.79,372349,4812, 232494, 62.44
SUVENPHAR, EQ, 02-Dec-2022,463.95,463.95,473.7,459.5, 466.00,467.35,463.35,251744,15480, 174335, 69.25
SUVIDHAA, EQ, 02-Dec-2022,5.05,5.1,5.2,5.05, 5.20,5.15,5.15,124514,237, 109704, 88.11
SUZLON, EQ, 02-Dec-2022,9.05,9.1,9.5,8.85, 9.45,9.45,9.26,179074652,80881, 72718907, 40.61
SWANENERGY, EQ, 02-Dec-2022,250.1,250.1,258.8,250.05, 255.00,254.95,254.35,409883,8162, 188630, 46.02
SWARAJENG, EQ, 02-Dec-2022,1620.75,1627.7,1637.0,1610.0, 1621.00,1616.4,1624.55,3930,653, 2185, 55.60
SWSOLAR, EQ, 02-Dec-2022,288.5,289.9,293.7,288.3, 288.80,288.75,289.72,140791,2860, 83228, 59.11
SYMPHONY, EQ, 02-Dec-2022,917.7,922.3,939.0,910.6, 931.50,931.05,928.99,31845,4872, 17988, 56.49
SYNGENE, EQ, 02-Dec-2022,608.8,611.45,611.45,596.0, 604.95,602.6,600.3,329356,12405, 163616, 49.68
TASTYBITE, EQ, 02-Dec-2022,11739.05,11701.0,11800.0,11600.0, 11800.00,11750.65,11715.55,1044,319, 812, 77.78
TATACHEM, EQ, 02-Dec-2022,1048.7,1048.0,1053.0,1031.05, 1039.50,1039.35,1039.27,1021911,37209, 291602, 28.53
TATACOFFEE, EQ, 02-Dec-2022,232.35,233.6,233.75,230.2, 231.25,231.7,231.47,745446,6806, 307951, 41.31
TATACOMM, EQ, 02-Dec-2022,1297.9,1293.0,1339.9,1290.0, 1320.00,1321.55,1324.62,847039,36902, 300769, 35.51
TATACONSUM, EQ, 02-Dec-2022,813.2,810.0,812.5,792.2, 795.05,795.55,799.11,2882169,47166, 1858191, 64.47
TATAELXSI, EQ, 02-Dec-2022,7071.65,7071.65,7081.65,6950.0, 7030.00,7033.95,7012.73,202824,28761, 59363, 29.27
TATAINVEST, EQ, 02-Dec-2022,2341.4,2349.9,2362.0,2320.0, 2326.00,2329.15,2337.9,17780,2760, 10297, 57.91
TATAMETALI, EQ, 02-Dec-2022,782.95,782.9,792.4,780.0, 787.95,787.95,787.73,64374,2959, 27508, 42.73
TATAMOTORS, EQ, 02-Dec-2022,438.25,439.0,441.15,435.0, 435.50,435.4,437.03,8352658,103291, 3484977, 41.72
TATAPOWER, EQ, 02-Dec-2022,224.85,225.45,226.35,223.85, 225.10,225.25,225.04,7223274,60727, 2951007, 40.85
TATASTEEL, EQ, 02-Dec-2022,110.75,110.8,112.5,110.15, 111.85,112.0,111.54,70541914,227806, 34109809, 48.35
TCI, EQ, 02-Dec-2022,674.2,678.0,683.9,667.75, 681.05,679.35,676.26,45174,3738, 22720, 50.29
TCIEXP, EQ, 02-Dec-2022,1874.8,1878.35,1896.9,1860.0, 1865.00,1865.95,1873.81,38034,3472, 28159, 74.04
TCNSBRANDS, EQ, 02-Dec-2022,564.4,569.0,578.0,564.5, 567.15,567.35,569.25,30302,2621, 20921, 69.04
TCS, EQ, 02-Dec-2022,3475.65,3458.1,3468.9,3413.0, 3437.10,3439.15,3431.97,2411749,145867, 1359185, 56.36
TEAMLEASE, EQ, 02-Dec-2022,2510.2,2520.0,2580.0,2510.2, 2512.10,2528.45,2536.53,27133,5427, 18632, 68.67
TECHM, EQ, 02-Dec-2022,1101.5,1101.5,1116.3,1100.05, 1114.00,1114.75,1110.01,3418928,81517, 1998902, 58.47
TECHNOE, EQ, 02-Dec-2022,318.3,321.0,324.0,314.9, 323.35,322.6,321.03,126562,4878, 80491, 63.60
THERMAX, EQ, 02-Dec-2022,2051.55,2060.0,2099.0,2050.7, 2088.00,2095.25,2081.28,40378,6391, 18550, 45.94
THOMASCOOK, EQ, 02-Dec-2022,76.15,76.15,77.3,75.4, 76.20,76.05,76.13,202665,2657, 109037, 53.80
THYROCARE, EQ, 02-Dec-2022,631.4,630.3,642.85,628.55, 641.00,640.25,639.22,42720,3623, 29071, 68.05
TIDEWATER, EQ, 02-Dec-2022,1058.4,1055.5,1078.7,1055.5, 1070.10,1067.3,1069.81,25699,3913, 8023, 31.22
TIINDIA, EQ, 02-Dec-2022,2818.1,2800.0,2973.5,2788.05, 2919.10,2933.3,2908.25,777567,67557, 342630, 44.06
TIMETECHNO, EQ, 02-Dec-2022,98.05,98.3,99.0,95.9, 96.50,96.55,97.71,783398,5731, 326587, 41.69
TIMKEN, EQ, 02-Dec-2022,3525.05,3523.9,3546.1,3452.4, 3505.00,3504.7,3495.9,191700,19233, 50699, 26.45
TINPLATE, EQ, 02-Dec-2022,326.6,326.6,330.9,326.55, 327.25,328.95,328.87,262510,5981, 163670, 62.35
TITAN, EQ, 02-Dec-2022,2638.7,2648.0,2651.4,2605.0, 2618.00,2617.9,2617.68,731396,55462, 450179, 61.55
TORNTPHARM, EQ, 02-Dec-2022,1641.7,1641.9,1650.0,1613.35, 1625.95,1621.1,1625.59,391568,21606, 258383, 65.99
TORNTPOWER, EQ, 02-Dec-2022,543.0,541.85,551.5,540.25, 550.00,549.7,548.01,344496,11266, 147966, 42.95
TRENT, EQ, 02-Dec-2022,1464.1,1464.0,1477.4,1460.4, 1469.00,1468.7,1467.87,286105,31769, 158419, 55.37
TRITURBINE, EQ, 02-Dec-2022,293.5,291.9,302.0,288.2, 290.70,290.2,296.31,766656,23975, 319813, 41.72
TRIVENI, EQ, 02-Dec-2022,301.4,304.0,311.4,300.35, 304.50,305.5,306.13,1104410,17431, 306821, 27.78
TTKPRESTIG, EQ, 02-Dec-2022,883.3,881.2,886.0,875.0, 880.00,879.05,879.12,21556,2203, 15457, 71.71
TV18BRDCST, EQ, 02-Dec-2022,39.9,40.15,42.2,39.25, 41.45,41.15,41.03,38996051,49843, 11506875, 29.51
TVSMOTOR, EQ, 02-Dec-2022,1050.0,1050.0,1053.9,1031.0, 1049.60,1048.4,1043.02,1040471,39795, 415718, 39.95
TVSSRICHAK, EQ, 02-Dec-2022,3175.35,3175.5,3221.75,3119.25, 3125.05,3130.05,3154.11,12363,2687, 5450, 44.08
TVTODAY, EQ, 02-Dec-2022,250.05,251.0,253.0,249.1, 251.10,251.5,251.42,105686,5000, 58200, 55.07
UBL, EQ, 02-Dec-2022,1698.85,1704.2,1757.5,1690.2, 1734.50,1735.8,1732.16,705911,30507, 187055, 26.50
UCOBANK, EQ, 02-Dec-2022,20.3,20.5,20.7,20.05, 20.30,20.3,20.36,18598984,33972, 5188332, 27.90
UFLEX, EQ, 02-Dec-2022,603.45,604.6,610.45,601.0, 608.00,603.2,603.23,128200,7516, 75368, 58.79
UJJIVAN, EQ, 02-Dec-2022,296.6,296.6,299.0,291.0, 297.00,296.0,294.67,562810,11116, 239626, 42.58
UJJIVANSFB, EQ, 02-Dec-2022,29.95,30.2,31.1,29.65, 29.95,29.9,30.26,19570411,22258, 8072666, 41.25
ULTRACEMCO, EQ, 02-Dec-2022,7274.0,7275.0,7299.0,7159.0, 7230.00,7237.05,7238.45,442739,54943, 191022, 43.15
UNICHEMLAB, EQ, 02-Dec-2022,399.95,403.45,403.45,367.1, 369.90,368.7,377.36,582230,14944, 281826, 48.40
UNIONBANK, EQ, 02-Dec-2022,81.5,81.3,82.4,80.9, 81.90,82.05,81.8,14965784,37387, 4096640, 27.37
UPL, EQ, 02-Dec-2022,778.85,780.1,785.0,768.0, 784.15,783.7,775.69,2337749,43132, 1503675, 64.32
UTIAMC, EQ, 02-Dec-2022,765.5,775.0,775.0,756.0, 772.00,767.5,763.63,92747,5174, 31611, 34.08
VAIBHAVGBL, EQ, 02-Dec-2022,343.85,344.8,359.1,344.0, 350.00,350.45,353.23,338954,12861, 122398, 36.11
VAKRANGEE, EQ, 02-Dec-2022,30.75,30.75,30.95,30.6, 30.90,30.85,30.8,2879873,7421, 1463862, 50.83
VARROC, EQ, 02-Dec-2022,294.65,295.65,296.25,290.8, 292.85,292.9,293.19,120851,4905, 65567, 54.25
VBL, EQ, 02-Dec-2022,1264.2,1264.0,1354.0,1255.6, 1316.00,1318.6,1320.76,5648883,200038, 2106619, 37.29
VEDL, EQ, 02-Dec-2022,310.25,310.15,315.85,308.4, 313.50,313.85,313.59,14526593,92165, 5941121, 40.90
VENKEYS, EQ, 02-Dec-2022,1861.7,1869.0,1884.75,1847.0, 1854.80,1853.45,1861.98,28316,3275, 12817, 45.26
VESUVIUS, EQ, 02-Dec-2022,1743.2,1739.0,1760.0,1728.05, 1732.05,1738.15,1745.7,10256,1935, 4552, 44.38
VGUARD, EQ, 02-Dec-2022,253.45,254.0,255.7,252.0, 252.25,252.4,253.31,78720,2938, 31764, 40.35
VINATIORGA, EQ, 02-Dec-2022,2137.45,2142.0,2157.0,2131.0, 2147.00,2144.25,2141.47,129987,5021, 116623, 89.72
VIPIND, EQ, 02-Dec-2022,720.55,719.0,725.0,715.0, 717.00,718.95,719.38,80536,4708, 43016, 53.41
VMART, EQ, 02-Dec-2022,2790.2,2802.0,2836.75,2775.0, 2804.45,2800.5,2800.57,22927,2655, 13292, 57.98
VOLTAS, EQ, 02-Dec-2022,842.35,842.0,856.3,838.55, 854.00,855.25,851.48,1438034,32292, 632930, 44.01
VRLLOG, EQ, 02-Dec-2022,568.7,575.0,580.0,569.75, 578.40,576.65,576.4,114711,6115, 63554, 55.40
VSTIND, EQ, 02-Dec-2022,3487.4,3500.0,3568.0,3490.2, 3509.30,3508.9,3535.3,10311,3763, 5786, 56.11
VSTTILLERS, EQ, 02-Dec-2022,2402.1,2399.65,2411.0,2291.05, 2330.00,2320.25,2377.06,81566,2415, 72410, 88.77
VTL, EQ, 02-Dec-2022,347.7,346.05,349.9,342.5, 345.00,344.65,345.46,137583,5442, 56284, 40.91
WABAG, EQ, 02-Dec-2022,334.45,333.0,339.7,325.1, 326.90,326.6,329.2,458685,16822, 262859, 57.31
WELCORP, EQ, 02-Dec-2022,244.85,245.4,251.0,242.8, 250.30,249.85,247.62,615112,7580, 285509, 46.42
WELENT, EQ, 02-Dec-2022,156.2,157.0,164.45,157.0, 163.50,162.4,162.52,849340,9831, 483233, 56.90
WELSPUNIND, EQ, 02-Dec-2022,81.05,81.05,81.3,80.5, 80.95,80.8,80.85,761880,4242, 400841, 52.61
WHIRLPOOL, EQ, 02-Dec-2022,1522.85,1523.95,1540.0,1518.0, 1539.00,1536.0,1529.99,108558,9850, 40780, 37.57
WIPRO, EQ, 02-Dec-2022,413.7,413.8,413.9,409.05, 412.35,412.4,411.32,5863311,109096, 3259729, 55.60
WOCKPHARMA, EQ, 02-Dec-2022,243.35,244.35,246.25,242.0, 243.75,243.7,243.97,416373,8343, 159952, 38.42
WSTCSTPAPR, EQ, 02-Dec-2022,593.25,593.25,597.15,582.7, 586.00,587.7,590.25,172152,6854, 87561, 50.86
YESBANK, EQ, 02-Dec-2022,17.05,17.3,17.9,17.25, 17.50,17.4,17.61,292355548,144807, 110130730, 37.67
ZEEL, EQ, 02-Dec-2022,266.35,266.0,271.9,265.15, 270.30,271.05,269.29,6436957,52487, 2768967, 43.02
ZENSARTECH, EQ, 02-Dec-2022,228.4,230.0,238.9,227.65, 236.70,236.75,236.03,2878523,35280, 944833, 32.82
ZYDUSWELL, EQ, 02-Dec-2022,1599.85,1599.9,1620.75,1594.25, 1614.00,1613.35,1614.41,18608,3012, 11592, 62.30
